2026-04-04 03:44:14,558 - INFO - 🦞🦀🦐 PinchBench - OpenClaw Benchmarking

░       ░░░        ░░   ░░░  ░░░      ░░░  ░░░░  ░░       ░░░        ░░   ░░░  ░░░      ░░░  ░░░░  ░
▒  ▒▒▒▒  ▒▒▒▒▒  ▒▒▒▒▒    ▒▒  ▒▒  ▒▒▒▒  ▒▒  ▒▒▒▒  ▒▒  ▒▒▒▒  ▒▒  ▒▒▒▒▒▒▒▒    ▒▒  ▒▒  ▒▒▒▒  ▒▒  ▒▒▒▒  ▒
▓       ▓▓▓▓▓▓  ▓▓▓▓▓  ▓  ▓  ▓▓  ▓▓▓▓▓▓▓▓        ▓▓       ▓▓▓      ▓▓▓▓  ▓  ▓  ▓▓  ▓▓▓▓▓▓▓▓        ▓
█  ███████████  █████  ██    ██  ████  ██  ████  ██  ████  ██  ████████  ██    ██  ████  ██  ████  █
█  ████████        ██  ███   ███      ███  ████  ██       ███        ██  ███   ███      ███  ████  █

                                                           @%@%%@                       
                                             %*+#++#@   %+-=-....=@                     
                                    @@%%%##%--+.....:# @=-=.:-.:-.=                     
                  #%###%##++=---------+#==+-:+.+%++%==-+:-=-#####+.@                    
            %+----------------------*%%@@@%-:=:#####+-=+--=.+####.-+=#@                 
            %+====+*##+=====--------------=--=.-###+.=++##=-..+=.:+--=@                 
            %+================+*##*+++++**+==+=.....==----=*=---+----=@                 
            #+========================--------=#=-==-----------------=@                 
            #+========================-------------------------------=@                 
            **========================---------------------------++--+@                 
            @%*+======================------++--=#+--------------==-=#@                 
            @%%%%%###*+===============------#%--=#+--------=++++#%%###%%@               
             @@@%@%%%%%%@%###+========------==--=+**+*#%%#######%%%%%%%%%%%@            
             @@%%@@@%%@@@%%%%%%%%%####+++**#%%########%%%%%%@@%%@  @@@@###%%@@          
            @@%#%@@%%@@@@%%@@@@@@%%%%%#####%%%%%%@@@@@@@@%%@@%%#%     @@%%#####%@       
            @%#%%@%##@ @%#%@  @@%%@@@%%%%@@     @@@ @%@ @@%@@@%#%     @@%#######%@      
            @%%@@%##%@@%##%@ @@%#% @@%#%%@@         @@  @%%@ @%%@     @@%########%@     
            @@%%@@%%@ @%##%@ @%###@ @@%#####%@@@@       @@  @%%@      @%%#%#######%     
             @%%@%#%@ @@%%@  @%###@  @@%###%######%%##%%@   @@@       @%#%@%######%     
              @@ @%%@  @%%@  @@%%@    @@%%%########%######%@          @%%%@@#####%@     
                  @@@  @@%%@  @%#%      @@%#########@@@@@@%%@         @@%@ %####%@      
                        @@%@   @%#@       @%###########@@@@%@             @%##%@        
                                @%%        @%%##############%@            @@            
                                            @@%%%########%@@                            
                                               @@@%%%%%@@@                              
                                                                                        
                                                                                        
                                                                                        

2026-04-04 03:44:14,558 - INFO - 🦞🦀🦐 Starting PinchBench 🦐🦀🦞
2026-04-04 03:44:19,565 - INFO - 🔧 Initializing BenchmarkRunner...
2026-04-04 03:44:19,566 - INFO - Initialized TaskLoader with directory: /root/workspace/skill/tasks
2026-04-04 03:44:19,566 - INFO - Initialized BenchmarkRunner
2026-04-04 03:44:19,566 - INFO - 📂 Loading tasks from directory...
2026-04-04 03:44:19,566 - INFO - Loading tasks...
2026-04-04 03:44:19,571 - INFO - Found 210 task files
2026-04-04 03:44:19,573 - INFO - Successfully loaded task: task_advancedif_00
2026-04-04 03:44:19,574 - INFO - Successfully loaded task: task_advancedif_01
2026-04-04 03:44:19,578 - INFO - Successfully loaded task: task_advancedif_02
2026-04-04 03:44:19,579 - INFO - Successfully loaded task: task_advancedif_03
2026-04-04 03:44:19,580 - INFO - Successfully loaded task: task_advancedif_04
2026-04-04 03:44:19,584 - INFO - Successfully loaded task: task_advancedif_05
2026-04-04 03:44:19,584 - INFO - Successfully loaded task: task_advancedif_06
2026-04-04 03:44:19,585 - INFO - Successfully loaded task: task_advancedif_07
2026-04-04 03:44:19,589 - INFO - Successfully loaded task: task_advancedif_08
2026-04-04 03:44:19,590 - INFO - Successfully loaded task: task_advancedif_09
2026-04-04 03:44:19,592 - INFO - Successfully loaded task: task_bamboogle_00
2026-04-04 03:44:19,596 - INFO - Successfully loaded task: task_bamboogle_01
2026-04-04 03:44:19,597 - INFO - Successfully loaded task: task_bamboogle_02
2026-04-04 03:44:19,602 - INFO - Successfully loaded task: task_bamboogle_03
2026-04-04 03:44:19,603 - INFO - Successfully loaded task: task_bamboogle_04
2026-04-04 03:44:19,604 - INFO - Successfully loaded task: task_bamboogle_05
2026-04-04 03:44:19,608 - INFO - Successfully loaded task: task_bamboogle_06
2026-04-04 03:44:19,609 - INFO - Successfully loaded task: task_bamboogle_07
2026-04-04 03:44:19,611 - INFO - Successfully loaded task: task_bamboogle_08
2026-04-04 03:44:19,615 - INFO - Successfully loaded task: task_bamboogle_09
2026-04-04 03:44:19,619 - INFO - Successfully loaded task: task_charxiv_00
2026-04-04 03:44:19,620 - INFO - Successfully loaded task: task_charxiv_01
2026-04-04 03:44:19,622 - INFO - Successfully loaded task: task_charxiv_02
2026-04-04 03:44:19,623 - INFO - Successfully loaded task: task_charxiv_03
2026-04-04 03:44:19,624 - INFO - Successfully loaded task: task_charxiv_04
2026-04-04 03:44:19,625 - INFO - Successfully loaded task: task_charxiv_05
2026-04-04 03:44:19,629 - INFO - Successfully loaded task: task_charxiv_06
2026-04-04 03:44:19,629 - INFO - Successfully loaded task: task_charxiv_07
2026-04-04 03:44:19,630 - INFO - Successfully loaded task: task_charxiv_08
2026-04-04 03:44:19,634 - INFO - Successfully loaded task: task_charxiv_09
2026-04-04 03:44:19,635 - INFO - Successfully loaded task: task_deepsearchqa_00
2026-04-04 03:44:19,637 - INFO - Successfully loaded task: task_deepsearchqa_01
2026-04-04 03:44:19,641 - INFO - Successfully loaded task: task_deepsearchqa_02
2026-04-04 03:44:19,642 - INFO - Successfully loaded task: task_deepsearchqa_03
2026-04-04 03:44:19,643 - INFO - Successfully loaded task: task_deepsearchqa_04
2026-04-04 03:44:19,655 - INFO - Successfully loaded task: task_deepsearchqa_05
2026-04-04 03:44:19,667 - INFO - Successfully loaded task: task_deepsearchqa_06
2026-04-04 03:44:19,671 - INFO - Successfully loaded task: task_deepsearchqa_07
2026-04-04 03:44:19,675 - INFO - Successfully loaded task: task_deepsearchqa_08
2026-04-04 03:44:19,678 - INFO - Successfully loaded task: task_deepsearchqa_09
2026-04-04 03:44:19,680 - INFO - Successfully loaded task: task_finqa_00
2026-04-04 03:44:19,683 - INFO - Successfully loaded task: task_finqa_01
2026-04-04 03:44:19,685 - INFO - Successfully loaded task: task_finqa_02
2026-04-04 03:44:19,689 - INFO - Successfully loaded task: task_finqa_03
2026-04-04 03:44:19,694 - INFO - Successfully loaded task: task_finqa_04
2026-04-04 03:44:19,697 - INFO - Successfully loaded task: task_finqa_05
2026-04-04 03:44:19,700 - INFO - Successfully loaded task: task_finqa_06
2026-04-04 03:44:19,703 - INFO - Successfully loaded task: task_finqa_07
2026-04-04 03:44:19,706 - INFO - Successfully loaded task: task_finqa_08
2026-04-04 03:44:19,711 - INFO - Successfully loaded task: task_finqa_09
2026-04-04 03:44:19,711 - INFO - Successfully loaded task: task_gpqa_00
2026-04-04 03:44:19,712 - INFO - Successfully loaded task: task_gpqa_01
2026-04-04 03:44:19,716 - INFO - Successfully loaded task: task_gpqa_02
2026-04-04 03:44:19,718 - INFO - Successfully loaded task: task_gpqa_03
2026-04-04 03:44:19,719 - INFO - Successfully loaded task: task_gpqa_04
2026-04-04 03:44:19,723 - INFO - Successfully loaded task: task_gpqa_05
2026-04-04 03:44:19,724 - INFO - Successfully loaded task: task_gpqa_06
2026-04-04 03:44:19,728 - INFO - Successfully loaded task: task_gpqa_07
2026-04-04 03:44:19,729 - INFO - Successfully loaded task: task_gpqa_08
2026-04-04 03:44:19,734 - INFO - Successfully loaded task: task_gpqa_09
2026-04-04 03:44:19,735 - INFO - Successfully loaded task: task_hle_00
2026-04-04 03:44:19,736 - INFO - Successfully loaded task: task_hle_01
2026-04-04 03:44:19,736 - INFO - Successfully loaded task: task_hle_02
2026-04-04 03:44:19,737 - INFO - Successfully loaded task: task_hle_03
2026-04-04 03:44:19,738 - INFO - Successfully loaded task: task_hle_04
2026-04-04 03:44:19,749 - INFO - Successfully loaded task: task_hle_05
2026-04-04 03:44:19,751 - INFO - Successfully loaded task: task_hle_06
2026-04-04 03:44:19,770 - INFO - Successfully loaded task: task_hle_07
2026-04-04 03:44:19,771 - INFO - Successfully loaded task: task_hle_08
2026-04-04 03:44:19,771 - INFO - Successfully loaded task: task_hle_09
2026-04-04 03:44:19,773 - INFO - Successfully loaded task: task_lexeval_00
2026-04-04 03:44:19,784 - INFO - Successfully loaded task: task_lexeval_01
2026-04-04 03:44:19,785 - INFO - Successfully loaded task: task_lexeval_02
2026-04-04 03:44:19,787 - INFO - Successfully loaded task: task_lexeval_03
2026-04-04 03:44:19,793 - INFO - Successfully loaded task: task_lexeval_04
2026-04-04 03:44:19,795 - INFO - Successfully loaded task: task_lexeval_05
2026-04-04 03:44:19,797 - INFO - Successfully loaded task: task_lexeval_06
2026-04-04 03:44:19,803 - INFO - Successfully loaded task: task_lexeval_07
2026-04-04 03:44:19,805 - INFO - Successfully loaded task: task_lexeval_08
2026-04-04 03:44:19,810 - INFO - Successfully loaded task: task_lexeval_09
2026-04-04 03:44:19,811 - INFO - Successfully loaded task: task_lexeval_10
2026-04-04 03:44:19,817 - INFO - Successfully loaded task: task_lexeval_11
2026-04-04 03:44:19,818 - INFO - Successfully loaded task: task_lexeval_12
2026-04-04 03:44:19,819 - INFO - Successfully loaded task: task_lexeval_13
2026-04-04 03:44:19,830 - INFO - Successfully loaded task: task_lexeval_14
2026-04-04 03:44:19,831 - INFO - Successfully loaded task: task_lexeval_15
2026-04-04 03:44:19,841 - INFO - Successfully loaded task: task_lexeval_16
2026-04-04 03:44:19,843 - INFO - Successfully loaded task: task_lexeval_17
2026-04-04 03:44:19,844 - INFO - Successfully loaded task: task_lexeval_18
2026-04-04 03:44:19,848 - INFO - Successfully loaded task: task_lexeval_19
2026-04-04 03:44:19,849 - INFO - Successfully loaded task: task_logiqa_00
2026-04-04 03:44:19,854 - INFO - Successfully loaded task: task_logiqa_01
2026-04-04 03:44:19,856 - INFO - Successfully loaded task: task_logiqa_02
2026-04-04 03:44:19,858 - INFO - Successfully loaded task: task_logiqa_03
2026-04-04 03:44:19,859 - INFO - Successfully loaded task: task_logiqa_04
2026-04-04 03:44:19,861 - INFO - Successfully loaded task: task_logiqa_05
2026-04-04 03:44:19,863 - INFO - Successfully loaded task: task_logiqa_06
2026-04-04 03:44:19,865 - INFO - Successfully loaded task: task_logiqa_07
2026-04-04 03:44:19,866 - INFO - Successfully loaded task: task_logiqa_08
2026-04-04 03:44:19,869 - INFO - Successfully loaded task: task_logiqa_09
2026-04-04 03:44:19,870 - INFO - Successfully loaded task: task_longbench_00
2026-04-04 03:44:19,871 - INFO - Successfully loaded task: task_longbench_01
2026-04-04 03:44:19,871 - INFO - Successfully loaded task: task_longbench_02
2026-04-04 03:44:19,872 - INFO - Successfully loaded task: task_longbench_03
2026-04-04 03:44:19,873 - INFO - Successfully loaded task: task_longbench_04
2026-04-04 03:44:19,874 - INFO - Successfully loaded task: task_longbench_05
2026-04-04 03:44:19,875 - INFO - Successfully loaded task: task_longbench_06
2026-04-04 03:44:19,876 - INFO - Successfully loaded task: task_longbench_07
2026-04-04 03:44:19,877 - INFO - Successfully loaded task: task_longbench_08
2026-04-04 03:44:19,878 - INFO - Successfully loaded task: task_longbench_09
2026-04-04 03:44:19,879 - INFO - Successfully loaded task: task_medxpertqa_00
2026-04-04 03:44:19,880 - INFO - Successfully loaded task: task_medxpertqa_01
2026-04-04 03:44:19,880 - INFO - Successfully loaded task: task_medxpertqa_02
2026-04-04 03:44:19,881 - INFO - Successfully loaded task: task_medxpertqa_03
2026-04-04 03:44:19,882 - INFO - Successfully loaded task: task_medxpertqa_04
2026-04-04 03:44:19,883 - INFO - Successfully loaded task: task_medxpertqa_05
2026-04-04 03:44:19,883 - INFO - Successfully loaded task: task_medxpertqa_06
2026-04-04 03:44:19,884 - INFO - Successfully loaded task: task_medxpertqa_07
2026-04-04 03:44:19,885 - INFO - Successfully loaded task: task_medxpertqa_08
2026-04-04 03:44:19,886 - INFO - Successfully loaded task: task_medxpertqa_09
2026-04-04 03:44:19,886 - INFO - Successfully loaded task: task_medxpertqa_10
2026-04-04 03:44:19,887 - INFO - Successfully loaded task: task_medxpertqa_11
2026-04-04 03:44:19,888 - INFO - Successfully loaded task: task_medxpertqa_12
2026-04-04 03:44:19,889 - INFO - Successfully loaded task: task_medxpertqa_13
2026-04-04 03:44:19,890 - INFO - Successfully loaded task: task_medxpertqa_14
2026-04-04 03:44:19,891 - INFO - Successfully loaded task: task_medxpertqa_15
2026-04-04 03:44:19,896 - INFO - Successfully loaded task: task_openagentsafety_00
2026-04-04 03:44:19,897 - INFO - Successfully loaded task: task_openagentsafety_02
2026-04-04 03:44:19,899 - INFO - Successfully loaded task: task_openagentsafety_03
2026-04-04 03:44:19,900 - INFO - Successfully loaded task: task_openagentsafety_04
2026-04-04 03:44:19,902 - INFO - Successfully loaded task: task_openagentsafety_05
2026-04-04 03:44:19,907 - INFO - Successfully loaded task: task_openagentsafety_06
2026-04-04 03:44:19,909 - INFO - Successfully loaded task: task_openagentsafety_07
2026-04-04 03:44:19,913 - INFO - Successfully loaded task: task_openagentsafety_08
2026-04-04 03:44:19,914 - INFO - Successfully loaded task: task_osworld_03
2026-04-04 03:44:19,915 - INFO - Successfully loaded task: task_osworld_07
2026-04-04 03:44:19,917 - INFO - Successfully loaded task: task_osworld_10
2026-04-04 03:44:19,919 - INFO - Successfully loaded task: task_osworld_11
2026-04-04 03:44:19,920 - INFO - Successfully loaded task: task_osworld_12
2026-04-04 03:44:19,922 - INFO - Successfully loaded task: task_osworld_18
2026-04-04 03:44:19,924 - INFO - Successfully loaded task: task_osworld_31
2026-04-04 03:44:19,926 - INFO - Successfully loaded task: task_osworld_33
2026-04-04 03:44:19,927 - INFO - Successfully loaded task: task_osworld_38
2026-04-04 03:44:19,928 - INFO - Successfully loaded task: task_seal0_00
2026-04-04 03:44:19,928 - INFO - Successfully loaded task: task_seal0_01
2026-04-04 03:44:19,929 - INFO - Successfully loaded task: task_seal0_02
2026-04-04 03:44:19,930 - INFO - Successfully loaded task: task_seal0_03
2026-04-04 03:44:19,930 - INFO - Successfully loaded task: task_seal0_04
2026-04-04 03:44:19,931 - INFO - Successfully loaded task: task_seal0_05
2026-04-04 03:44:19,932 - INFO - Successfully loaded task: task_seal0_06
2026-04-04 03:44:19,933 - INFO - Successfully loaded task: task_seal0_07
2026-04-04 03:44:19,933 - INFO - Successfully loaded task: task_seal0_08
2026-04-04 03:44:19,934 - INFO - Successfully loaded task: task_seal0_09
2026-04-04 03:44:19,935 - INFO - Successfully loaded task: task_simpleqa_00
2026-04-04 03:44:19,935 - INFO - Successfully loaded task: task_simpleqa_01
2026-04-04 03:44:19,936 - INFO - Successfully loaded task: task_simpleqa_02
2026-04-04 03:44:19,937 - INFO - Successfully loaded task: task_simpleqa_03
2026-04-04 03:44:19,938 - INFO - Successfully loaded task: task_simpleqa_04
2026-04-04 03:44:19,939 - INFO - Successfully loaded task: task_simpleqa_05
2026-04-04 03:44:19,940 - INFO - Successfully loaded task: task_simpleqa_06
2026-04-04 03:44:19,941 - INFO - Successfully loaded task: task_simpleqa_07
2026-04-04 03:44:19,941 - INFO - Successfully loaded task: task_simpleqa_08
2026-04-04 03:44:19,942 - INFO - Successfully loaded task: task_simpleqa_09
2026-04-04 03:44:19,943 - INFO - Successfully loaded task: task_simplevqa_00
2026-04-04 03:44:19,944 - INFO - Successfully loaded task: task_simplevqa_01
2026-04-04 03:44:19,945 - INFO - Successfully loaded task: task_simplevqa_02
2026-04-04 03:44:19,946 - INFO - Successfully loaded task: task_simplevqa_03
2026-04-04 03:44:19,947 - INFO - Successfully loaded task: task_simplevqa_04
2026-04-04 03:44:19,948 - INFO - Successfully loaded task: task_simplevqa_05
2026-04-04 03:44:19,949 - INFO - Successfully loaded task: task_simplevqa_06
2026-04-04 03:44:19,950 - INFO - Successfully loaded task: task_simplevqa_07
2026-04-04 03:44:19,951 - INFO - Successfully loaded task: task_simplevqa_08
2026-04-04 03:44:19,952 - INFO - Successfully loaded task: task_simplevqa_09
2026-04-04 03:44:19,952 - INFO - Successfully loaded task: task_tablebench_00
2026-04-04 03:44:19,953 - INFO - Successfully loaded task: task_tablebench_01
2026-04-04 03:44:19,954 - INFO - Successfully loaded task: task_tablebench_02
2026-04-04 03:44:19,954 - INFO - Successfully loaded task: task_tablebench_03
2026-04-04 03:44:19,955 - INFO - Successfully loaded task: task_tablebench_04
2026-04-04 03:44:19,956 - INFO - Successfully loaded task: task_tablebench_05
2026-04-04 03:44:19,956 - INFO - Successfully loaded task: task_tablebench_06
2026-04-04 03:44:19,957 - INFO - Successfully loaded task: task_tablebench_07
2026-04-04 03:44:19,958 - INFO - Successfully loaded task: task_tablebench_08
2026-04-04 03:44:19,958 - INFO - Successfully loaded task: task_tablebench_09
2026-04-04 03:44:19,959 - INFO - Successfully loaded task: task_tablebench_10
2026-04-04 03:44:19,959 - INFO - Successfully loaded task: task_tablebench_11
2026-04-04 03:44:19,960 - INFO - Successfully loaded task: task_tablebench_12
2026-04-04 03:44:19,961 - INFO - Successfully loaded task: task_tablebench_13
2026-04-04 03:44:19,961 - INFO - Successfully loaded task: task_tablebench_14
2026-04-04 03:44:19,962 - INFO - Successfully loaded task: task_tablebench_15
2026-04-04 03:44:19,963 - INFO - Successfully loaded task: task_tablebench_16
2026-04-04 03:44:19,964 - INFO - Successfully loaded task: task_terminalbench2_00
2026-04-04 03:44:19,965 - INFO - Successfully loaded task: task_terminalbench2_01
2026-04-04 03:44:19,966 - INFO - Successfully loaded task: task_terminalbench2_02
2026-04-04 03:44:19,967 - INFO - Successfully loaded task: task_terminalbench2_03
2026-04-04 03:44:19,967 - INFO - Successfully loaded task: task_terminalbench2_04
2026-04-04 03:44:19,968 - INFO - Successfully loaded task: task_terminalbench2_05
2026-04-04 03:44:19,969 - INFO - Successfully loaded task: task_terminalbench2_06
2026-04-04 03:44:19,970 - INFO - Successfully loaded task: task_terminalbench2_07
2026-04-04 03:44:19,971 - INFO - Successfully loaded task: task_terminalbench2_08
2026-04-04 03:44:19,972 - INFO - Successfully loaded task: task_terminalbench2_09
2026-04-04 03:44:19,973 - INFO - Successfully loaded task: task_widesearch_00
2026-04-04 03:44:19,974 - INFO - Successfully loaded task: task_widesearch_01
2026-04-04 03:44:19,975 - INFO - Successfully loaded task: task_widesearch_02
2026-04-04 03:44:19,976 - INFO - Successfully loaded task: task_widesearch_03
2026-04-04 03:44:19,976 - INFO - Successfully loaded task: task_widesearch_04
2026-04-04 03:44:19,977 - INFO - Successfully loaded task: task_widesearch_05
2026-04-04 03:44:19,978 - INFO - Successfully loaded task: task_widesearch_06
2026-04-04 03:44:19,979 - INFO - Successfully loaded task: task_widesearch_07
2026-04-04 03:44:19,980 - INFO - Successfully loaded task: task_widesearch_08
2026-04-04 03:44:19,981 - INFO - Successfully loaded task: task_widesearch_09
2026-04-04 03:44:19,982 - INFO - Successfully loaded 210 tasks
2026-04-04 03:44:19,982 - INFO - Loaded 210 tasks
2026-04-04 03:45:28,678 - INFO - Agent bench-modelstudio-glm-5 exists with stale workspace (/tmp/pinchbench/8613fcf3/agent_workspace != /tmp/pinchbench/4eab8fae/agent_workspace), recreating
2026-04-04 03:45:31,341 - INFO - Creating OpenClaw agent bench-modelstudio-glm-5
2026-04-04 03:45:33,851 - INFO - 
================================================================================
2026-04-04 03:45:33,852 - INFO - 📋 Task 1/210 (Run 1/1)
2026-04-04 03:45:33,852 - INFO - ================================================================================
2026-04-04 03:45:33,852 - INFO - 🤖 Agent [bench-modelstudio-glm-5] starting task: task_advancedif_00
2026-04-04 03:45:33,852 - INFO -    Task: AdvancedIF - complex_if_single_turn_v5
2026-04-04 03:45:33,852 - INFO -    Category: instruction_following
2026-04-04 03:52:48,605 - INFO - Found transcript via sessions.json: 66ce40de-817d-409b-b723-446409bf70cc.jsonl (attempt 1)
2026-04-04 03:52:52,709 - INFO - Agent bench-judge-qwen3-vl-plus-for-glm-5 already exists with correct workspace
2026-04-04 03:52:52,709 - INFO - Removed 2 old OpenClaw session transcripts for bench-judge-qwen3-vl-plus-for-glm-5
2026-04-04 03:55:08,372 - INFO - Found transcript via sessions.json: e7c3500a-4260-4108-801b-c5c60621000f.jsonl (attempt 1)
2026-04-04 03:55:08,373 - INFO -    💾 Session backup saved: task_advancedif_00_run_4eab8fae-1.jsonl (10 entries, status=success)
2026-04-04 03:55:08,373 - INFO - ✅ Task task_advancedif_00: 1.0/1.0 (100%) - llm_judge
2026-04-04 03:55:08,373 - INFO -    Notes: All 7 requirements fully satisfied: (1) fairytale themes present (village, magical transformation, moral lesson), (2) tone appropriate for young adults (accessible but not childish, emotional depth), 
2026-04-04 03:55:08,373 - INFO - 
================================================================================
2026-04-04 03:55:08,373 - INFO - 📋 Task 2/210 (Run 1/1)
2026-04-04 03:55:08,373 - INFO - ================================================================================
2026-04-04 03:55:08,374 - INFO - 🤖 Agent [bench-modelstudio-glm-5] starting task: task_advancedif_01
2026-04-04 03:55:08,374 - INFO -    Task: AdvancedIF - complex_if_single_turn_v5
2026-04-04 03:55:08,374 - INFO -    Category: instruction_following
2026-04-04 03:55:08,374 - INFO - Removed 4 old OpenClaw session transcripts for bench-modelstudio-glm-5
2026-04-04 03:58:21,647 - INFO - Found transcript via sessions.json: 8735a7fe-e123-4ddd-91df-cd154553ae21.jsonl (attempt 1)
2026-04-04 03:58:26,973 - INFO - Agent bench-judge-qwen3-vl-plus-for-glm-5 already exists with correct workspace
2026-04-04 03:58:26,973 - INFO - Removed 1 old OpenClaw session transcripts for bench-judge-qwen3-vl-plus-for-glm-5
2026-04-04 04:01:27,038 - INFO - Found transcript via sessions.json: 185207aa-6b2a-4058-b102-c7e30ddaadc4.jsonl (attempt 1)
2026-04-04 04:01:27,039 - WARNING - Failed to parse judge JSON response
2026-04-04 04:01:27,043 - INFO -    💾 Session backup saved: task_advancedif_01_run_4eab8fae-1.jsonl (29 entries, status=success)
2026-04-04 04:01:27,043 - INFO - ❌ Task task_advancedif_01: 0.0/1.0 (0%) - llm_judge
2026-04-04 04:01:27,043 - INFO - 
================================================================================
2026-04-04 04:01:27,043 - INFO - 📋 Task 3/210 (Run 1/1)
2026-04-04 04:01:27,043 - INFO - ================================================================================
2026-04-04 04:01:27,043 - INFO - 🤖 Agent [bench-modelstudio-glm-5] starting task: task_advancedif_02
2026-04-04 04:01:27,043 - INFO -    Task: AdvancedIF - complex_if_single_turn_v5
2026-04-04 04:01:27,043 - INFO -    Category: instruction_following
2026-04-04 04:01:27,043 - INFO - Removed 1 old OpenClaw session transcripts for bench-modelstudio-glm-5
2026-04-04 04:04:10,461 - INFO - Found transcript via sessions.json: d41537a8-e5be-431f-b62c-9e9a968c6bc9.jsonl (attempt 1)
2026-04-04 04:04:14,423 - INFO - Agent bench-judge-qwen3-vl-plus-for-glm-5 already exists with correct workspace
2026-04-04 04:04:14,423 - INFO - Removed 1 old OpenClaw session transcripts for bench-judge-qwen3-vl-plus-for-glm-5
2026-04-04 04:07:09,775 - INFO - Found transcript via sessions.json: 25277b02-45c5-4e4e-98df-2c04cd37db6e.jsonl (attempt 1)
2026-04-04 04:07:09,776 - INFO -    💾 Session backup saved: task_advancedif_02_run_4eab8fae-1.jsonl (8 entries, status=success)
2026-04-04 04:07:09,777 - INFO - ✅ Task task_advancedif_02: 1.0/1.0 (100%) - llm_judge
2026-04-04 04:07:09,777 - INFO -    Notes: All 8 requirements fully satisfied: 4 age-appropriate experiments (glitter x2, slime x1, oobleck x1); all ≤8 steps; use pantry staples (baking soda, vinegar, oil, cornstarch, glue, water); non-househo
2026-04-04 04:07:09,777 - INFO - 
================================================================================
2026-04-04 04:07:09,777 - INFO - 📋 Task 4/210 (Run 1/1)
2026-04-04 04:07:09,777 - INFO - ================================================================================
2026-04-04 04:07:09,777 - INFO - 🤖 Agent [bench-modelstudio-glm-5] starting task: task_advancedif_03
2026-04-04 04:07:09,777 - INFO -    Task: AdvancedIF - complex_if_single_turn_v5
2026-04-04 04:07:09,777 - INFO -    Category: instruction_following
2026-04-04 04:07:09,777 - INFO - Removed 1 old OpenClaw session transcripts for bench-modelstudio-glm-5
2026-04-04 04:08:48,063 - INFO - Found transcript via sessions.json: c40fcfc1-6dc8-4513-abe1-ac453c67fce1.jsonl (attempt 1)
2026-04-04 04:08:55,840 - INFO - Agent bench-judge-qwen3-vl-plus-for-glm-5 already exists with correct workspace
2026-04-04 04:08:55,840 - INFO - Removed 1 old OpenClaw session transcripts for bench-judge-qwen3-vl-plus-for-glm-5
2026-04-04 04:10:15,894 - INFO - Found transcript via sessions.json: 2652d40d-4ead-4d6c-8aa5-f376e63dd948.jsonl (attempt 1)
2026-04-04 04:10:15,895 - INFO -    💾 Session backup saved: task_advancedif_03_run_4eab8fae-1.jsonl (8 entries, status=success)
2026-04-04 04:10:15,895 - INFO - ❌ Task task_advancedif_03: 0.0/1.0 (0%) - llm_judge
2026-04-04 04:10:15,895 - INFO - 
================================================================================
2026-04-04 04:10:15,895 - INFO - 📋 Task 5/210 (Run 1/1)
2026-04-04 04:10:15,895 - INFO - ================================================================================
2026-04-04 04:10:15,895 - INFO - 🤖 Agent [bench-modelstudio-glm-5] starting task: task_advancedif_04
2026-04-04 04:10:15,895 - INFO -    Task: AdvancedIF - complex_if_single_turn_v5
2026-04-04 04:10:15,895 - INFO -    Category: instruction_following
2026-04-04 04:10:15,896 - INFO - Removed 1 old OpenClaw session transcripts for bench-modelstudio-glm-5
2026-04-04 04:12:36,744 - INFO - Found transcript via sessions.json: e6e98b21-b37f-4d86-8caf-1b67aba45131.jsonl (attempt 1)
2026-04-04 04:12:40,713 - INFO - Agent bench-judge-qwen3-vl-plus-for-glm-5 already exists with correct workspace
2026-04-04 04:12:40,714 - INFO - Removed 1 old OpenClaw session transcripts for bench-judge-qwen3-vl-plus-for-glm-5
2026-04-04 04:15:40,734 - INFO - Found transcript via sessions.json: ac212676-6c88-485a-90f6-e925cefdea81.jsonl (attempt 1)
2026-04-04 04:15:40,736 - INFO -    💾 Session backup saved: task_advancedif_04_run_4eab8fae-1.jsonl (8 entries, status=success)
2026-04-04 04:15:40,736 - INFO - ⚠️ Task task_advancedif_04: 0.9/1.0 (95%) - llm_judge
2026-04-04 04:15:40,736 - INFO - 
================================================================================
2026-04-04 04:15:40,737 - INFO - 📋 Task 6/210 (Run 1/1)
2026-04-04 04:15:40,737 - INFO - ================================================================================
2026-04-04 04:15:40,737 - INFO - 🤖 Agent [bench-modelstudio-glm-5] starting task: task_advancedif_05
2026-04-04 04:15:40,737 - INFO -    Task: AdvancedIF - complex_if_single_turn_v5
2026-04-04 04:15:40,737 - INFO -    Category: instruction_following
2026-04-04 04:15:40,737 - INFO - Removed 1 old OpenClaw session transcripts for bench-modelstudio-glm-5
2026-04-04 04:19:37,155 - INFO - Found transcript via sessions.json: 31a4146b-9777-4f71-9ee3-06a3303330f2.jsonl (attempt 1)
2026-04-04 04:19:42,360 - INFO - Agent bench-judge-qwen3-vl-plus-for-glm-5 already exists with correct workspace
2026-04-04 04:19:42,361 - INFO - Removed 1 old OpenClaw session transcripts for bench-judge-qwen3-vl-plus-for-glm-5
2026-04-04 04:22:42,368 - INFO - Found transcript via sessions.json: 6a089a8c-658b-43e1-8d51-08171187dce4.jsonl (attempt 1)
2026-04-04 04:22:42,369 - WARNING - Failed to parse judge JSON response
2026-04-04 04:22:42,370 - INFO -    💾 Session backup saved: task_advancedif_05_run_4eab8fae-1.jsonl (8 entries, status=success)
2026-04-04 04:22:42,370 - INFO - ❌ Task task_advancedif_05: 0.0/1.0 (0%) - llm_judge
2026-04-04 04:22:42,370 - INFO - 
================================================================================
2026-04-04 04:22:42,370 - INFO - 📋 Task 7/210 (Run 1/1)
2026-04-04 04:22:42,370 - INFO - ================================================================================
2026-04-04 04:22:42,370 - INFO - 🤖 Agent [bench-modelstudio-glm-5] starting task: task_advancedif_06
2026-04-04 04:22:42,370 - INFO -    Task: AdvancedIF - complex_if_single_turn_v5
2026-04-04 04:22:42,370 - INFO -    Category: instruction_following
2026-04-04 04:22:42,370 - INFO - Removed 1 old OpenClaw session transcripts for bench-modelstudio-glm-5
2026-04-04 04:24:07,394 - INFO - Found transcript via sessions.json: c9d2d623-541c-4579-8f1b-b89e9f8eb261.jsonl (attempt 1)
2026-04-04 04:24:11,490 - INFO - Agent bench-judge-qwen3-vl-plus-for-glm-5 already exists with correct workspace
2026-04-04 04:24:11,490 - INFO - Removed 1 old OpenClaw session transcripts for bench-judge-qwen3-vl-plus-for-glm-5
2026-04-04 04:25:48,941 - INFO - Found transcript via sessions.json: ed6083c1-eca9-4f49-a9f1-561259caf76a.jsonl (attempt 1)
2026-04-04 04:25:48,942 - INFO -    💾 Session backup saved: task_advancedif_06_run_4eab8fae-1.jsonl (8 entries, status=success)
2026-04-04 04:25:48,942 - INFO - ✅ Task task_advancedif_06: 1.0/1.0 (100%) - llm_judge
2026-04-04 04:25:48,942 - INFO -    Notes: All 9 requirements satisfied: (1) pleasant tone throughout, (2) no emojis, (3) ends with real quote, (4) quote by Alfred Austin is gardening-related, (5) only discusses basil (steers away from strawbe
2026-04-04 04:25:48,942 - INFO - 
================================================================================
2026-04-04 04:25:48,942 - INFO - 📋 Task 8/210 (Run 1/1)
2026-04-04 04:25:48,942 - INFO - ================================================================================
2026-04-04 04:25:48,942 - INFO - 🤖 Agent [bench-modelstudio-glm-5] starting task: task_advancedif_07
2026-04-04 04:25:48,942 - INFO -    Task: AdvancedIF - complex_if_single_turn_v5
2026-04-04 04:25:48,942 - INFO -    Category: instruction_following
2026-04-04 04:25:48,942 - INFO - Removed 1 old OpenClaw session transcripts for bench-modelstudio-glm-5
2026-04-04 04:27:53,147 - INFO - Found transcript via sessions.json: 89f112ee-0362-46b2-adee-c950df76849e.jsonl (attempt 1)
2026-04-04 04:27:57,208 - INFO - Agent bench-judge-qwen3-vl-plus-for-glm-5 already exists with correct workspace
2026-04-04 04:27:57,208 - INFO - Removed 1 old OpenClaw session transcripts for bench-judge-qwen3-vl-plus-for-glm-5
2026-04-04 04:30:57,212 - INFO - Found transcript via sessions.json: f0494100-6998-4dcb-8789-b4dcae1450c1.jsonl (attempt 1)
2026-04-04 04:30:57,213 - INFO -    💾 Session backup saved: task_advancedif_07_run_4eab8fae-1.jsonl (17 entries, status=success)
2026-04-04 04:30:57,213 - INFO - ⚠️ Task task_advancedif_07: 0.9/1.0 (95%) - llm_judge
2026-04-04 04:30:57,213 - INFO - 
================================================================================
2026-04-04 04:30:57,213 - INFO - 📋 Task 9/210 (Run 1/1)
2026-04-04 04:30:57,213 - INFO - ================================================================================
2026-04-04 04:30:57,213 - INFO - 🤖 Agent [bench-modelstudio-glm-5] starting task: task_advancedif_08
2026-04-04 04:30:57,213 - INFO -    Task: AdvancedIF - complex_if_single_turn_v5
2026-04-04 04:30:57,213 - INFO -    Category: instruction_following
2026-04-04 04:30:57,214 - INFO - Removed 1 old OpenClaw session transcripts for bench-modelstudio-glm-5
2026-04-04 04:35:54,739 - INFO - Found transcript via sessions.json: f1efc58f-e66c-4ab8-a550-b6d94843e880.jsonl (attempt 1)
2026-04-04 04:35:58,952 - INFO - Agent bench-judge-qwen3-vl-plus-for-glm-5 already exists with correct workspace
2026-04-04 04:35:58,952 - INFO - Removed 1 old OpenClaw session transcripts for bench-judge-qwen3-vl-plus-for-glm-5
2026-04-04 04:38:59,006 - INFO - Found transcript via sessions.json: 8e4bad2c-966f-48be-bf7f-62701ec20209.jsonl (attempt 1)
2026-04-04 04:38:59,006 - WARNING - Failed to parse judge JSON response
2026-04-04 04:38:59,008 - INFO -    💾 Session backup saved: task_advancedif_08_run_4eab8fae-1.jsonl (20 entries, status=success)
2026-04-04 04:38:59,008 - INFO - ❌ Task task_advancedif_08: 0.0/1.0 (0%) - llm_judge
2026-04-04 04:38:59,008 - INFO - 
================================================================================
2026-04-04 04:38:59,008 - INFO - 📋 Task 10/210 (Run 1/1)
2026-04-04 04:38:59,008 - INFO - ================================================================================
2026-04-04 04:38:59,008 - INFO - 🤖 Agent [bench-modelstudio-glm-5] starting task: task_advancedif_09
2026-04-04 04:38:59,008 - INFO -    Task: AdvancedIF - complex_if_single_turn_v5
2026-04-04 04:38:59,008 - INFO -    Category: instruction_following
2026-04-04 04:38:59,008 - INFO - Removed 1 old OpenClaw session transcripts for bench-modelstudio-glm-5
2026-04-04 04:42:25,009 - INFO - Found transcript via sessions.json: 157e4a8e-a745-47b1-ae6e-6c336b5d72c1.jsonl (attempt 1)
2026-04-04 04:42:29,210 - INFO - Agent bench-judge-qwen3-vl-plus-for-glm-5 already exists with correct workspace
2026-04-04 04:42:29,211 - INFO - Removed 1 old OpenClaw session transcripts for bench-judge-qwen3-vl-plus-for-glm-5
2026-04-04 04:45:29,244 - INFO - Found transcript via sessions.json: 6e1b7c1a-907e-4a01-a75a-cfb5aeb3e1e1.jsonl (attempt 1)
2026-04-04 04:45:29,245 - INFO -    💾 Session backup saved: task_advancedif_09_run_4eab8fae-1.jsonl (8 entries, status=success)
2026-04-04 04:45:29,246 - INFO - ⚠️ Task task_advancedif_09: 1.0/1.0 (98%) - llm_judge
2026-04-04 04:45:29,246 - INFO -    Notes: The story now integrates all requested elements with exceptional cohesion: war (heron threat), fantastic machines (Silt-Singer, net-trap, oil-sprayers), and deep thematic resonance—autonomy, mutual ai
2026-04-04 04:45:29,246 - INFO - 
================================================================================
2026-04-04 04:45:29,246 - INFO - 📋 Task 11/210 (Run 1/1)
2026-04-04 04:45:29,246 - INFO - ================================================================================
2026-04-04 04:45:29,246 - INFO - 🤖 Agent [bench-modelstudio-glm-5] starting task: task_bamboogle_00
2026-04-04 04:45:29,246 - INFO -    Task: BAMBOOGLE Sample 0 (ID: idx_0)
2026-04-04 04:45:29,246 - INFO -    Category: planning
2026-04-04 04:45:29,246 - INFO - Removed 1 old OpenClaw session transcripts for bench-modelstudio-glm-5
2026-04-04 04:46:26,588 - INFO - Found transcript via sessions.json: c1028ca1-4e47-4b90-85c3-1a9fcc7f4b49.jsonl (attempt 1)
2026-04-04 04:46:26,590 - INFO -    💾 Session backup saved: task_bamboogle_00_run_4eab8fae-1.jsonl (14 entries, status=success)
2026-04-04 04:46:26,590 - INFO - ⚠️ Task task_bamboogle_00: 0.9/1.0 (92%) - automated
2026-04-04 04:46:26,591 - INFO - 
================================================================================
2026-04-04 04:46:26,591 - INFO - 📋 Task 12/210 (Run 1/1)
2026-04-04 04:46:26,591 - INFO - ================================================================================
2026-04-04 04:46:26,591 - INFO - 🤖 Agent [bench-modelstudio-glm-5] starting task: task_bamboogle_01
2026-04-04 04:46:26,591 - INFO -    Task: BAMBOOGLE Sample 1 (ID: idx_1)
2026-04-04 04:46:26,591 - INFO -    Category: planning
2026-04-04 04:46:26,591 - INFO - Removed 1 old OpenClaw session transcripts for bench-modelstudio-glm-5
2026-04-04 04:46:58,711 - INFO - Found transcript via sessions.json: a938408c-2c7b-4ec5-8b11-91d00f02758a.jsonl (attempt 1)
2026-04-04 04:46:58,713 - INFO -    💾 Session backup saved: task_bamboogle_01_run_4eab8fae-1.jsonl (8 entries, status=success)
2026-04-04 04:46:58,713 - INFO - ✅ Task task_bamboogle_01: 1.0/1.0 (100%) - automated
2026-04-04 04:46:58,713 - INFO - 
================================================================================
2026-04-04 04:46:58,713 - INFO - 📋 Task 13/210 (Run 1/1)
2026-04-04 04:46:58,713 - INFO - ================================================================================
2026-04-04 04:46:58,713 - INFO - 🤖 Agent [bench-modelstudio-glm-5] starting task: task_bamboogle_02
2026-04-04 04:46:58,713 - INFO -    Task: BAMBOOGLE Sample 2 (ID: idx_2)
2026-04-04 04:46:58,713 - INFO -    Category: planning
2026-04-04 04:46:58,713 - INFO - Removed 1 old OpenClaw session transcripts for bench-modelstudio-glm-5
2026-04-04 04:47:27,044 - INFO - Found transcript via sessions.json: fba1e3d6-cc43-42cd-b79b-de0369f8f227.jsonl (attempt 1)
2026-04-04 04:47:27,048 - INFO -    💾 Session backup saved: task_bamboogle_02_run_4eab8fae-1.jsonl (8 entries, status=success)
2026-04-04 04:47:27,048 - INFO - ✅ Task task_bamboogle_02: 1.0/1.0 (100%) - automated
2026-04-04 04:47:27,049 - INFO - 
================================================================================
2026-04-04 04:47:27,049 - INFO - 📋 Task 14/210 (Run 1/1)
2026-04-04 04:47:27,049 - INFO - ================================================================================
2026-04-04 04:47:27,049 - INFO - 🤖 Agent [bench-modelstudio-glm-5] starting task: task_bamboogle_03
2026-04-04 04:47:27,049 - INFO -    Task: BAMBOOGLE Sample 3 (ID: idx_3)
2026-04-04 04:47:27,049 - INFO -    Category: planning
2026-04-04 04:47:27,049 - INFO - Removed 1 old OpenClaw session transcripts for bench-modelstudio-glm-5
2026-04-04 04:48:28,474 - INFO - Found transcript via sessions.json: edad7c12-a124-4683-a1d7-07889fde7977.jsonl (attempt 1)
2026-04-04 04:48:28,475 - INFO -    💾 Session backup saved: task_bamboogle_03_run_4eab8fae-1.jsonl (14 entries, status=success)
2026-04-04 04:48:28,475 - INFO - ✅ Task task_bamboogle_03: 1.0/1.0 (100%) - automated
2026-04-04 04:48:28,475 - INFO - 
================================================================================
2026-04-04 04:48:28,475 - INFO - 📋 Task 15/210 (Run 1/1)
2026-04-04 04:48:28,475 - INFO - ================================================================================
2026-04-04 04:48:28,475 - INFO - 🤖 Agent [bench-modelstudio-glm-5] starting task: task_bamboogle_04
2026-04-04 04:48:28,475 - INFO -    Task: BAMBOOGLE Sample 4 (ID: idx_4)
2026-04-04 04:48:28,475 - INFO -    Category: planning
2026-04-04 04:48:28,476 - INFO - Removed 1 old OpenClaw session transcripts for bench-modelstudio-glm-5
2026-04-04 04:49:23,155 - INFO - Found transcript via sessions.json: 529493e0-12cd-44aa-895b-15540e9fb1e0.jsonl (attempt 1)
2026-04-04 04:49:23,157 - INFO -    💾 Session backup saved: task_bamboogle_04_run_4eab8fae-1.jsonl (18 entries, status=success)
2026-04-04 04:49:23,157 - INFO - ✅ Task task_bamboogle_04: 1.0/1.0 (100%) - automated
2026-04-04 04:49:23,157 - INFO - 
================================================================================
2026-04-04 04:49:23,157 - INFO - 📋 Task 16/210 (Run 1/1)
2026-04-04 04:49:23,157 - INFO - ================================================================================
2026-04-04 04:49:23,157 - INFO - 🤖 Agent [bench-modelstudio-glm-5] starting task: task_bamboogle_05
2026-04-04 04:49:23,157 - INFO -    Task: BAMBOOGLE Sample 5 (ID: idx_5)
2026-04-04 04:49:23,157 - INFO -    Category: planning
2026-04-04 04:49:23,157 - INFO - Removed 1 old OpenClaw session transcripts for bench-modelstudio-glm-5
2026-04-04 04:49:52,989 - INFO - Found transcript via sessions.json: f4ba043b-4c0a-4e40-9d00-14d4aac00e83.jsonl (attempt 1)
2026-04-04 04:49:52,990 - INFO -    💾 Session backup saved: task_bamboogle_05_run_4eab8fae-1.jsonl (8 entries, status=success)
2026-04-04 04:49:52,991 - INFO - ✅ Task task_bamboogle_05: 1.0/1.0 (100%) - automated
2026-04-04 04:49:52,991 - INFO - 
================================================================================
2026-04-04 04:49:52,991 - INFO - 📋 Task 17/210 (Run 1/1)
2026-04-04 04:49:52,991 - INFO - ================================================================================
2026-04-04 04:49:52,991 - INFO - 🤖 Agent [bench-modelstudio-glm-5] starting task: task_bamboogle_06
2026-04-04 04:49:52,991 - INFO -    Task: BAMBOOGLE Sample 6 (ID: idx_6)
2026-04-04 04:49:52,991 - INFO -    Category: planning
2026-04-04 04:49:52,991 - INFO - Removed 1 old OpenClaw session transcripts for bench-modelstudio-glm-5
2026-04-04 04:50:24,668 - INFO - Found transcript via sessions.json: f9d57537-ecaa-46b8-8aa0-e2927ae49bb9.jsonl (attempt 1)
2026-04-04 04:50:24,670 - INFO -    💾 Session backup saved: task_bamboogle_06_run_4eab8fae-1.jsonl (10 entries, status=success)
2026-04-04 04:50:24,670 - INFO - ✅ Task task_bamboogle_06: 1.0/1.0 (100%) - automated
2026-04-04 04:50:24,670 - INFO - 
================================================================================
2026-04-04 04:50:24,670 - INFO - 📋 Task 18/210 (Run 1/1)
2026-04-04 04:50:24,670 - INFO - ================================================================================
2026-04-04 04:50:24,670 - INFO - 🤖 Agent [bench-modelstudio-glm-5] starting task: task_bamboogle_07
2026-04-04 04:50:24,670 - INFO -    Task: BAMBOOGLE Sample 7 (ID: idx_7)
2026-04-04 04:50:24,670 - INFO -    Category: planning
2026-04-04 04:50:24,670 - INFO - Removed 1 old OpenClaw session transcripts for bench-modelstudio-glm-5
2026-04-04 04:51:21,486 - INFO - Found transcript via sessions.json: bbaceb4e-792d-42c2-8960-b448ea2f2080.jsonl (attempt 1)
2026-04-04 04:51:21,487 - INFO -    💾 Session backup saved: task_bamboogle_07_run_4eab8fae-1.jsonl (14 entries, status=success)
2026-04-04 04:51:21,487 - INFO - ✅ Task task_bamboogle_07: 1.0/1.0 (100%) - automated
2026-04-04 04:51:21,487 - INFO - 
================================================================================
2026-04-04 04:51:21,487 - INFO - 📋 Task 19/210 (Run 1/1)
2026-04-04 04:51:21,487 - INFO - ================================================================================
2026-04-04 04:51:21,487 - INFO - 🤖 Agent [bench-modelstudio-glm-5] starting task: task_bamboogle_08
2026-04-04 04:51:21,487 - INFO -    Task: BAMBOOGLE Sample 8 (ID: idx_8)
2026-04-04 04:51:21,487 - INFO -    Category: planning
2026-04-04 04:51:21,488 - INFO - Removed 1 old OpenClaw session transcripts for bench-modelstudio-glm-5
2026-04-04 04:51:54,080 - INFO - Found transcript via sessions.json: 2a2116bf-8b10-49b5-bc73-6f7f3e1f86d1.jsonl (attempt 1)
2026-04-04 04:51:54,081 - INFO -    💾 Session backup saved: task_bamboogle_08_run_4eab8fae-1.jsonl (8 entries, status=success)
2026-04-04 04:51:54,081 - INFO - ✅ Task task_bamboogle_08: 1.0/1.0 (100%) - automated
2026-04-04 04:51:54,081 - INFO - 
================================================================================
2026-04-04 04:51:54,081 - INFO - 📋 Task 20/210 (Run 1/1)
2026-04-04 04:51:54,082 - INFO - ================================================================================
2026-04-04 04:51:54,082 - INFO - 🤖 Agent [bench-modelstudio-glm-5] starting task: task_bamboogle_09
2026-04-04 04:51:54,082 - INFO -    Task: BAMBOOGLE Sample 9 (ID: idx_9)
2026-04-04 04:51:54,082 - INFO -    Category: planning
2026-04-04 04:51:54,082 - INFO - Removed 1 old OpenClaw session transcripts for bench-modelstudio-glm-5
2026-04-04 04:52:30,943 - INFO - Found transcript via sessions.json: 40de6d30-6947-40a3-ae6d-e81194bc513c.jsonl (attempt 1)
2026-04-04 04:52:30,945 - INFO -    💾 Session backup saved: task_bamboogle_09_run_4eab8fae-1.jsonl (14 entries, status=success)
2026-04-04 04:52:30,945 - INFO - ⚠️ Task task_bamboogle_09: 0.5/1.0 (50%) - automated
2026-04-04 04:52:30,945 - INFO - 
================================================================================
2026-04-04 04:52:30,945 - INFO - 📋 Task 21/210 (Run 1/1)
2026-04-04 04:52:30,945 - INFO - ================================================================================
2026-04-04 04:52:30,945 - INFO - 🤖 Agent [bench-modelstudio-glm-5] starting task: task_charxiv_00
2026-04-04 04:52:30,945 - INFO -    Task: CharXiv - Cs Chart (20)
2026-04-04 04:52:30,945 - INFO -    Category: visual_qa
2026-04-04 04:52:30,945 - INFO - Removed 1 old OpenClaw session transcripts for bench-modelstudio-glm-5
2026-04-04 04:53:04,826 - INFO - Found transcript via sessions.json: 1621bd54-b82c-4889-9347-60eef4f557e3.jsonl (attempt 1)
2026-04-04 04:53:08,997 - INFO - Agent bench-judge-qwen3-vl-plus-for-glm-5 already exists with correct workspace
2026-04-04 04:53:08,998 - INFO - Removed 1 old OpenClaw session transcripts for bench-judge-qwen3-vl-plus-for-glm-5
2026-04-04 04:53:45,222 - INFO - Found transcript via sessions.json: c965d147-d1f0-40a3-b77b-be2be9a02d55.jsonl (attempt 1)
2026-04-04 04:53:45,223 - INFO -    💾 Session backup saved: task_charxiv_00_run_4eab8fae-1.jsonl (10 entries, status=success)
2026-04-04 04:53:45,223 - INFO - ❌ Task task_charxiv_00: 0.0/1.0 (0%) - llm_judge
2026-04-04 04:53:45,223 - INFO -    Notes: The agent answered 'Finetune', but the expected answer is 'Joint-CNN'. The response does not match the correct model identified in the chart.
2026-04-04 04:53:45,224 - INFO - 
================================================================================
2026-04-04 04:53:45,224 - INFO - 📋 Task 22/210 (Run 1/1)
2026-04-04 04:53:45,224 - INFO - ================================================================================
2026-04-04 04:53:45,224 - INFO - 🤖 Agent [bench-modelstudio-glm-5] starting task: task_charxiv_01
2026-04-04 04:53:45,224 - INFO -    Task: CharXiv - Cs Chart (20)
2026-04-04 04:53:45,224 - INFO -    Category: visual_qa
2026-04-04 04:53:45,224 - INFO - Removed 1 old OpenClaw session transcripts for bench-modelstudio-glm-5
2026-04-04 04:54:28,721 - INFO - Found transcript via sessions.json: 351dc2fa-35c2-4b62-bb7e-7efee863ac9b.jsonl (attempt 1)
2026-04-04 04:54:32,856 - INFO - Agent bench-judge-qwen3-vl-plus-for-glm-5 already exists with correct workspace
2026-04-04 04:54:32,857 - INFO - Removed 1 old OpenClaw session transcripts for bench-judge-qwen3-vl-plus-for-glm-5
2026-04-04 04:55:00,538 - INFO - Found transcript via sessions.json: ce94ee24-88c9-4385-abc2-d70a4e31c8ef.jsonl (attempt 1)
2026-04-04 04:55:00,539 - INFO -    💾 Session backup saved: task_charxiv_01_run_4eab8fae-1.jsonl (10 entries, status=success)
2026-04-04 04:55:00,540 - INFO - ❌ Task task_charxiv_01: 0.0/1.0 (0%) - llm_judge
2026-04-04 04:55:00,540 - INFO -    Notes: The agent answered 'Adam', but the expected answer is 'lambda_L = 0.13'. The response is incorrect and unrelated to the question about the line furthest from its fi value from the W_H axis.
2026-04-04 04:55:00,540 - INFO - 
================================================================================
2026-04-04 04:55:00,540 - INFO - 📋 Task 23/210 (Run 1/1)
2026-04-04 04:55:00,540 - INFO - ================================================================================
2026-04-04 04:55:00,540 - INFO - 🤖 Agent [bench-modelstudio-glm-5] starting task: task_charxiv_02
2026-04-04 04:55:00,540 - INFO -    Task: CharXiv - Cs Chart (20)
2026-04-04 04:55:00,540 - INFO -    Category: visual_qa
2026-04-04 04:55:00,540 - INFO - Removed 1 old OpenClaw session transcripts for bench-modelstudio-glm-5
2026-04-04 04:56:05,100 - INFO - Found transcript via sessions.json: 05c37683-85f6-47c4-8d58-ca6e0b6af3ad.jsonl (attempt 1)
2026-04-04 04:56:09,099 - INFO - Agent bench-judge-qwen3-vl-plus-for-glm-5 already exists with correct workspace
2026-04-04 04:56:09,099 - INFO - Removed 1 old OpenClaw session transcripts for bench-judge-qwen3-vl-plus-for-glm-5
2026-04-04 04:57:45,263 - INFO - Found transcript via sessions.json: 75ba74a2-5df1-4430-af60-1f76b6b51cc6.jsonl (attempt 1)
2026-04-04 04:57:45,264 - INFO -    💾 Session backup saved: task_charxiv_02_run_4eab8fae-1.jsonl (10 entries, status=success)
2026-04-04 04:57:45,264 - INFO - ❌ Task task_charxiv_02: 0.0/1.0 (0%) - llm_judge
2026-04-04 04:57:45,264 - INFO -    Notes: The agent answered 'Safe Adaptive CBF', but the expected answer is '(b) OPT'. The response does not match the correct subplot label indicated in the chart.
2026-04-04 04:57:45,264 - INFO - 
================================================================================
2026-04-04 04:57:45,264 - INFO - 📋 Task 24/210 (Run 1/1)
2026-04-04 04:57:45,264 - INFO - ================================================================================
2026-04-04 04:57:45,264 - INFO - 🤖 Agent [bench-modelstudio-glm-5] starting task: task_charxiv_03
2026-04-04 04:57:45,264 - INFO -    Task: CharXiv - Cs Chart (20)
2026-04-04 04:57:45,264 - INFO -    Category: visual_qa
2026-04-04 04:57:45,265 - INFO - Removed 1 old OpenClaw session transcripts for bench-modelstudio-glm-5
2026-04-04 04:59:31,832 - INFO - Found transcript via sessions.json: caaae90b-296b-4624-a8cd-3cdc6e5152e6.jsonl (attempt 1)
2026-04-04 04:59:35,807 - INFO - Agent bench-judge-qwen3-vl-plus-for-glm-5 already exists with correct workspace
2026-04-04 04:59:35,808 - INFO - Removed 1 old OpenClaw session transcripts for bench-judge-qwen3-vl-plus-for-glm-5
2026-04-04 05:02:17,694 - INFO - Found transcript via sessions.json: db244ed2-99c8-461a-9c05-7ebcc7886985.jsonl (attempt 1)
2026-04-04 05:02:17,696 - INFO -    💾 Session backup saved: task_charxiv_03_run_4eab8fae-1.jsonl (12 entries, status=success)
2026-04-04 05:02:17,696 - INFO - ❌ Task task_charxiv_03: 0.0/1.0 (0%) - llm_judge
2026-04-04 05:02:17,696 - INFO -    Notes: The agent answered 'top-middle', but the expected answer is '(c)'. The question asks for a subplot identifier in standard academic multiple-choice format (e.g., (a), (b), (c)), and 'top-middle' does n
2026-04-04 05:02:17,696 - INFO - 
================================================================================
2026-04-04 05:02:17,696 - INFO - 📋 Task 25/210 (Run 1/1)
2026-04-04 05:02:17,696 - INFO - ================================================================================
2026-04-04 05:02:17,696 - INFO - 🤖 Agent [bench-modelstudio-glm-5] starting task: task_charxiv_04
2026-04-04 05:02:17,696 - INFO -    Task: CharXiv - Cs Chart (20)
2026-04-04 05:02:17,696 - INFO -    Category: visual_qa
2026-04-04 05:02:17,697 - INFO - Removed 1 old OpenClaw session transcripts for bench-modelstudio-glm-5
2026-04-04 05:03:59,337 - INFO - Found transcript via sessions.json: 3cea65b0-748d-4439-89c1-2ffe7b527c40.jsonl (attempt 1)
2026-04-04 05:04:03,328 - INFO - Agent bench-judge-qwen3-vl-plus-for-glm-5 already exists with correct workspace
2026-04-04 05:04:03,328 - INFO - Removed 1 old OpenClaw session transcripts for bench-judge-qwen3-vl-plus-for-glm-5
2026-04-04 05:05:58,858 - INFO - Found transcript via sessions.json: bb5d8bb1-1d82-4816-a6fa-7b0847ff3b84.jsonl (attempt 1)
2026-04-04 05:05:58,859 - INFO -    💾 Session backup saved: task_charxiv_04_run_4eab8fae-1.jsonl (12 entries, status=success)
2026-04-04 05:05:58,859 - INFO - ❌ Task task_charxiv_04: 0.0/1.0 (0%) - llm_judge
2026-04-04 05:05:58,859 - INFO -    Notes: The agent answered 'Chicago', but the expected answer is 'Kansas City'. The answer is incorrect and does not match the chart's content.
2026-04-04 05:05:58,859 - INFO - 
================================================================================
2026-04-04 05:05:58,859 - INFO - 📋 Task 26/210 (Run 1/1)
2026-04-04 05:05:58,859 - INFO - ================================================================================
2026-04-04 05:05:58,859 - INFO - 🤖 Agent [bench-modelstudio-glm-5] starting task: task_charxiv_05
2026-04-04 05:05:58,859 - INFO -    Task: CharXiv - Cs Chart (20)
2026-04-04 05:05:58,859 - INFO -    Category: visual_qa
2026-04-04 05:05:58,859 - INFO - Removed 1 old OpenClaw session transcripts for bench-modelstudio-glm-5
2026-04-04 05:06:59,077 - INFO - Found transcript via sessions.json: 5f5cd90f-caac-4316-be77-9bd3d059c812.jsonl (attempt 1)
2026-04-04 05:07:03,152 - INFO - Agent bench-judge-qwen3-vl-plus-for-glm-5 already exists with correct workspace
2026-04-04 05:07:03,153 - INFO - Removed 1 old OpenClaw session transcripts for bench-judge-qwen3-vl-plus-for-glm-5
2026-04-04 05:10:08,253 - WARNING - Transcript not found for agent bench-judge-qwen3-vl-plus-for-glm-5. Sessions dir contents: ['sessions.json']
2026-04-04 05:10:08,254 - INFO -    💾 Session backup saved: task_charxiv_05_run_4eab8fae-1.jsonl (10 entries, status=success)
2026-04-04 05:10:08,254 - INFO - ❌ Task task_charxiv_05: 0.0/1.0 (0%) - llm_judge
2026-04-04 05:10:08,254 - INFO - 
================================================================================
2026-04-04 05:10:08,254 - INFO - 📋 Task 27/210 (Run 1/1)
2026-04-04 05:10:08,254 - INFO - ================================================================================
2026-04-04 05:10:08,254 - INFO - 🤖 Agent [bench-modelstudio-glm-5] starting task: task_charxiv_06
2026-04-04 05:10:08,254 - INFO -    Task: CharXiv - Cs Chart (20)
2026-04-04 05:10:08,254 - INFO -    Category: visual_qa
2026-04-04 05:10:08,254 - INFO - Removed 1 old OpenClaw session transcripts for bench-modelstudio-glm-5
2026-04-04 05:14:28,586 - INFO - Found transcript via sessions.json: 93b732ea-0b61-4ace-a94c-bf1850bb3523.jsonl (attempt 1)
2026-04-04 05:14:32,688 - INFO - Agent bench-judge-qwen3-vl-plus-for-glm-5 already exists with correct workspace
2026-04-04 05:14:32,688 - INFO - Removed 1 old OpenClaw session transcripts for bench-judge-qwen3-vl-plus-for-glm-5
2026-04-04 05:17:37,796 - WARNING - Transcript not found for agent bench-judge-qwen3-vl-plus-for-glm-5. Sessions dir contents: ['sessions.json']
2026-04-04 05:17:37,797 - INFO -    💾 Session backup saved: task_charxiv_06_run_4eab8fae-1.jsonl (10 entries, status=success)
2026-04-04 05:17:37,797 - INFO - ❌ Task task_charxiv_06: 0.0/1.0 (0%) - llm_judge
2026-04-04 05:17:37,797 - INFO - 
================================================================================
2026-04-04 05:17:37,797 - INFO - 📋 Task 28/210 (Run 1/1)
2026-04-04 05:17:37,797 - INFO - ================================================================================
2026-04-04 05:17:37,797 - INFO - 🤖 Agent [bench-modelstudio-glm-5] starting task: task_charxiv_07
2026-04-04 05:17:37,797 - INFO -    Task: CharXiv - Cs Chart (20)
2026-04-04 05:17:37,797 - INFO -    Category: visual_qa
2026-04-04 05:17:37,798 - INFO - Removed 1 old OpenClaw session transcripts for bench-modelstudio-glm-5
2026-04-04 05:22:00,192 - INFO - Found transcript via sessions.json: 5f2c6be6-5726-4795-b101-09a27dbce15c.jsonl (attempt 1)
2026-04-04 05:22:04,311 - INFO - Agent bench-judge-qwen3-vl-plus-for-glm-5 already exists with correct workspace
2026-04-04 05:22:04,312 - INFO - Removed 1 old OpenClaw session transcripts for bench-judge-qwen3-vl-plus-for-glm-5
2026-04-04 05:23:33,408 - INFO - Found transcript via sessions.json: a94e471e-a527-4a19-aaba-ef615c3b26d4.jsonl (attempt 1)
2026-04-04 05:23:33,409 - INFO -    💾 Session backup saved: task_charxiv_07_run_4eab8fae-1.jsonl (10 entries, status=success)
2026-04-04 05:23:33,409 - INFO - ❌ Task task_charxiv_07: 0.0/1.0 (0%) - llm_judge
2026-04-04 05:23:33,409 - INFO -    Notes: The agent answered 'CBM', but the expected answer is 'ROUND-ROBIN-COMBO'. The answer does not match and is incorrect.
2026-04-04 05:23:33,409 - INFO - 
================================================================================
2026-04-04 05:23:33,409 - INFO - 📋 Task 29/210 (Run 1/1)
2026-04-04 05:23:33,409 - INFO - ================================================================================
2026-04-04 05:23:33,409 - INFO - 🤖 Agent [bench-modelstudio-glm-5] starting task: task_charxiv_08
2026-04-04 05:23:33,409 - INFO -    Task: CharXiv - Cs Chart (20)
2026-04-04 05:23:33,409 - INFO -    Category: visual_qa
2026-04-04 05:23:33,409 - INFO - Removed 1 old OpenClaw session transcripts for bench-modelstudio-glm-5
2026-04-04 05:24:25,533 - INFO - Found transcript via sessions.json: 4ac15c54-9d49-4688-9bf6-c460d1b15e62.jsonl (attempt 1)
2026-04-04 05:24:29,596 - INFO - Agent bench-judge-qwen3-vl-plus-for-glm-5 already exists with correct workspace
2026-04-04 05:24:29,596 - INFO - Removed 1 old OpenClaw session transcripts for bench-judge-qwen3-vl-plus-for-glm-5
2026-04-04 05:25:37,884 - INFO - Found transcript via sessions.json: 29b539ac-b0e9-42b8-975a-a0c4de88ce91.jsonl (attempt 1)
2026-04-04 05:25:37,885 - INFO -    💾 Session backup saved: task_charxiv_08_run_4eab8fae-1.jsonl (10 entries, status=success)
2026-04-04 05:25:37,885 - INFO - ❌ Task task_charxiv_08: 0.0/1.0 (0%) - llm_judge
2026-04-04 05:25:37,885 - INFO -    Notes: The agent answered '50%' but the expected answer is '94'. The response is incorrect and does not match the chart data.
2026-04-04 05:25:37,886 - INFO - 
================================================================================
2026-04-04 05:25:37,886 - INFO - 📋 Task 30/210 (Run 1/1)
2026-04-04 05:25:37,886 - INFO - ================================================================================
2026-04-04 05:25:37,886 - INFO - 🤖 Agent [bench-modelstudio-glm-5] starting task: task_charxiv_09
2026-04-04 05:25:37,886 - INFO -    Task: CharXiv - Cs Chart (20)
2026-04-04 05:25:37,886 - INFO -    Category: visual_qa
2026-04-04 05:25:37,886 - INFO - Removed 1 old OpenClaw session transcripts for bench-modelstudio-glm-5
2026-04-04 05:27:47,894 - INFO - Found transcript via sessions.json: f42015f7-2e29-4b65-9f7b-fd42c4b6df79.jsonl (attempt 1)
2026-04-04 05:27:52,001 - INFO - Agent bench-judge-qwen3-vl-plus-for-glm-5 already exists with correct workspace
2026-04-04 05:27:52,002 - INFO - Removed 1 old OpenClaw session transcripts for bench-judge-qwen3-vl-plus-for-glm-5
2026-04-04 05:28:51,507 - INFO - Found transcript via sessions.json: 1b0e7c06-1917-4113-9ad7-193cf2b56d04.jsonl (attempt 1)
2026-04-04 05:28:51,508 - INFO -    💾 Session backup saved: task_charxiv_09_run_4eab8fae-1.jsonl (10 entries, status=success)
2026-04-04 05:28:51,508 - INFO - ❌ Task task_charxiv_09: 0.0/1.0 (0%) - llm_judge
2026-04-04 05:28:51,508 - INFO -    Notes: The agent answered '9' but the expected answer is '3'. The answer is incorrect.
2026-04-04 05:28:51,508 - INFO - 
================================================================================
2026-04-04 05:28:51,508 - INFO - 📋 Task 31/210 (Run 1/1)
2026-04-04 05:28:51,508 - INFO - ================================================================================
2026-04-04 05:28:51,508 - INFO - 🤖 Agent [bench-modelstudio-glm-5] starting task: task_deepsearchqa_00
2026-04-04 05:28:51,508 - INFO -    Task: DEEPSEARCHQA Sample 0 (ID: idx_0)
2026-04-04 05:28:51,508 - INFO -    Category: deepsearch_qa
2026-04-04 05:28:51,508 - INFO - Removed 1 old OpenClaw session transcripts for bench-modelstudio-glm-5
2026-04-04 05:36:53,643 - INFO - Found transcript via sessions.json: 173829c2-50f9-423b-ac92-a9756f03a5c0.jsonl (attempt 1)
2026-04-04 05:36:57,783 - INFO - Agent bench-judge-qwen3-vl-plus-for-glm-5 already exists with correct workspace
2026-04-04 05:36:57,784 - INFO - Removed 1 old OpenClaw session transcripts for bench-judge-qwen3-vl-plus-for-glm-5
2026-04-04 05:39:57,798 - INFO - Found transcript via sessions.json: 646ebe10-8cc2-426e-88ee-13caeed623a3.jsonl (attempt 1)
2026-04-04 05:39:57,799 - INFO -    💾 Session backup saved: task_deepsearchqa_00_run_4eab8fae-1.jsonl (42 entries, status=timeout)
2026-04-04 05:39:57,800 - INFO - ⚠️ Task task_deepsearchqa_00: 0.3/1.0 (30%) - llm_judge
2026-04-04 05:39:57,800 - INFO - 
================================================================================
2026-04-04 05:39:57,800 - INFO - 📋 Task 32/210 (Run 1/1)
2026-04-04 05:39:57,800 - INFO - ================================================================================
2026-04-04 05:39:57,800 - INFO - 🤖 Agent [bench-modelstudio-glm-5] starting task: task_deepsearchqa_01
2026-04-04 05:39:57,800 - INFO -    Task: DEEPSEARCHQA Sample 1 (ID: idx_1)
2026-04-04 05:39:57,800 - INFO -    Category: deepsearch_qa
2026-04-04 05:39:57,800 - INFO - Removed 2 old OpenClaw session transcripts for bench-modelstudio-glm-5
2026-04-04 05:44:25,924 - INFO - Found transcript via sessions.json: 0c2a2694-5804-4090-bc0a-d7b7b11f5180.jsonl (attempt 1)
2026-04-04 05:44:29,952 - INFO - Agent bench-judge-qwen3-vl-plus-for-glm-5 already exists with correct workspace
2026-04-04 05:44:29,952 - INFO - Removed 1 old OpenClaw session transcripts for bench-judge-qwen3-vl-plus-for-glm-5
2026-04-04 05:47:35,056 - WARNING - Transcript not found for agent bench-judge-qwen3-vl-plus-for-glm-5. Sessions dir contents: ['sessions.json']
2026-04-04 05:47:35,057 - INFO -    💾 Session backup saved: task_deepsearchqa_01_run_4eab8fae-1.jsonl (35 entries, status=success)
2026-04-04 05:47:35,058 - INFO - ❌ Task task_deepsearchqa_01: 0.0/1.0 (0%) - llm_judge
2026-04-04 05:47:35,058 - INFO - 
================================================================================
2026-04-04 05:47:35,058 - INFO - 📋 Task 33/210 (Run 1/1)
2026-04-04 05:47:35,058 - INFO - ================================================================================
2026-04-04 05:47:35,058 - INFO - 🤖 Agent [bench-modelstudio-glm-5] starting task: task_deepsearchqa_02
2026-04-04 05:47:35,058 - INFO -    Task: DEEPSEARCHQA Sample 2 (ID: idx_2)
2026-04-04 05:47:35,058 - INFO -    Category: deepsearch_qa
2026-04-04 05:47:35,058 - INFO - Removed 2 old OpenClaw session transcripts for bench-modelstudio-glm-5
2026-04-04 05:52:50,453 - INFO - Found transcript via sessions.json: c50ca391-22ae-4b06-b74b-b77dc4fc5e2d.jsonl (attempt 1)
2026-04-04 05:52:54,388 - INFO - Agent bench-judge-qwen3-vl-plus-for-glm-5 already exists with correct workspace
2026-04-04 05:52:54,388 - INFO - Removed 1 old OpenClaw session transcripts for bench-judge-qwen3-vl-plus-for-glm-5
2026-04-04 05:55:59,427 - WARNING - Transcript not found for agent bench-judge-qwen3-vl-plus-for-glm-5. Sessions dir contents: ['sessions.json']
2026-04-04 05:55:59,429 - INFO -    💾 Session backup saved: task_deepsearchqa_02_run_4eab8fae-1.jsonl (37 entries, status=success)
2026-04-04 05:55:59,429 - INFO - ❌ Task task_deepsearchqa_02: 0.0/1.0 (0%) - llm_judge
2026-04-04 05:55:59,429 - INFO - 
================================================================================
2026-04-04 05:55:59,429 - INFO - 📋 Task 34/210 (Run 1/1)
2026-04-04 05:55:59,429 - INFO - ================================================================================
2026-04-04 05:55:59,429 - INFO - 🤖 Agent [bench-modelstudio-glm-5] starting task: task_deepsearchqa_03
2026-04-04 05:55:59,429 - INFO -    Task: DEEPSEARCHQA Sample 3 (ID: idx_3)
2026-04-04 05:55:59,429 - INFO -    Category: deepsearch_qa
2026-04-04 05:55:59,430 - INFO - Removed 1 old OpenClaw session transcripts for bench-modelstudio-glm-5
2026-04-04 06:04:06,541 - WARNING - Transcript not found for agent bench-modelstudio-glm-5. Sessions dir contents: ['sessions.json']
2026-04-04 06:04:10,495 - INFO - Agent bench-judge-qwen3-vl-plus-for-glm-5 already exists with correct workspace
2026-04-04 06:04:10,496 - INFO - Removed 1 old OpenClaw session transcripts for bench-judge-qwen3-vl-plus-for-glm-5
2026-04-04 06:07:15,602 - WARNING - Transcript not found for agent bench-judge-qwen3-vl-plus-for-glm-5. Sessions dir contents: ['sessions.json']
2026-04-04 06:07:15,602 - INFO - ❌ Task task_deepsearchqa_03: 0.0/1.0 (0%) - llm_judge
2026-04-04 06:07:15,602 - INFO - 
================================================================================
2026-04-04 06:07:15,602 - INFO - 📋 Task 35/210 (Run 1/1)
2026-04-04 06:07:15,602 - INFO - ================================================================================
2026-04-04 06:07:15,602 - INFO - 🤖 Agent [bench-modelstudio-glm-5] starting task: task_deepsearchqa_04
2026-04-04 06:07:15,602 - INFO -    Task: DEEPSEARCHQA Sample 4 (ID: idx_4)
2026-04-04 06:07:15,602 - INFO -    Category: deepsearch_qa
2026-04-04 06:07:15,602 - INFO - Removed 1 old OpenClaw session transcripts for bench-modelstudio-glm-5
2026-04-04 06:15:17,830 - INFO - Found transcript via sessions.json: bd3eaef5-7d34-45e8-9191-84b5a07ffca0.jsonl (attempt 1)
2026-04-04 06:15:21,845 - INFO - Agent bench-judge-qwen3-vl-plus-for-glm-5 already exists with correct workspace
2026-04-04 06:15:21,845 - INFO - Removed 1 old OpenClaw session transcripts for bench-judge-qwen3-vl-plus-for-glm-5
2026-04-04 06:18:26,950 - WARNING - Transcript not found for agent bench-judge-qwen3-vl-plus-for-glm-5. Sessions dir contents: ['sessions.json']
2026-04-04 06:18:26,953 - INFO -    💾 Session backup saved: task_deepsearchqa_04_run_4eab8fae-1.jsonl (25 entries, status=timeout)
2026-04-04 06:18:26,953 - INFO - ❌ Task task_deepsearchqa_04: 0.0/1.0 (0%) - llm_judge
2026-04-04 06:18:26,953 - INFO - 
================================================================================
2026-04-04 06:18:26,953 - INFO - 📋 Task 36/210 (Run 1/1)
2026-04-04 06:18:26,953 - INFO - ================================================================================
2026-04-04 06:18:26,953 - INFO - 🤖 Agent [bench-modelstudio-glm-5] starting task: task_deepsearchqa_05
2026-04-04 06:18:26,953 - INFO -    Task: DEEPSEARCHQA Sample 5 (ID: idx_5)
2026-04-04 06:18:26,953 - INFO -    Category: deepsearch_qa
2026-04-04 06:18:26,954 - INFO - Removed 1 old OpenClaw session transcripts for bench-modelstudio-glm-5
2026-04-04 06:26:29,050 - INFO - Found transcript via sessions.json: 47ea5925-5946-400c-a135-7a3f247ba2f0.jsonl (attempt 1)
2026-04-04 06:26:29,066 - WARNING - Failed to parse transcript line: Unterminated string starting at: line 1 column 236 (char 235)
2026-04-04 06:26:29,066 - WARNING - Failed to parse transcript line: Expecting value: line 1 column 1 (char 0)
2026-04-04 06:26:29,067 - WARNING - Failed to parse transcript line: Expecting value: line 1 column 1 (char 0)
2026-04-04 06:26:29,067 - WARNING - Failed to parse transcript line: Expecting value: line 1 column 1 (char 0)
2026-04-04 06:26:29,067 - WARNING - Failed to parse transcript line: Expecting value: line 1 column 1 (char 0)
2026-04-04 06:26:29,067 - WARNING - Failed to parse transcript line: Unterminated string starting at: line 1 column 236 (char 235)
2026-04-04 06:26:29,067 - WARNING - Failed to parse transcript line: Expecting value: line 1 column 1 (char 0)
2026-04-04 06:26:29,067 - WARNING - Failed to parse transcript line: Expecting value: line 1 column 1 (char 0)
2026-04-04 06:26:29,067 - WARNING - Failed to parse transcript line: Expecting value: line 1 column 1 (char 0)
2026-04-04 06:26:29,067 - WARNING - Failed to parse transcript line: Expecting value: line 1 column 1 (char 0)
2026-04-04 06:26:29,067 - WARNING - Failed to parse transcript line: Unterminated string starting at: line 1 column 236 (char 235)
2026-04-04 06:26:29,067 - WARNING - Failed to parse transcript line: Expecting value: line 1 column 1 (char 0)
2026-04-04 06:26:29,067 - WARNING - Failed to parse transcript line: Expecting value: line 1 column 1 (char 0)
2026-04-04 06:26:29,067 - WARNING - Failed to parse transcript line: Expecting value: line 1 column 1 (char 0)
2026-04-04 06:26:29,067 - WARNING - Failed to parse transcript line: Expecting value: line 1 column 1 (char 0)
2026-04-04 06:26:33,036 - INFO - Agent bench-judge-qwen3-vl-plus-for-glm-5 already exists with correct workspace
2026-04-04 06:26:33,036 - INFO - Removed 1 old OpenClaw session transcripts for bench-judge-qwen3-vl-plus-for-glm-5
2026-04-04 06:29:38,106 - WARNING - Transcript not found for agent bench-judge-qwen3-vl-plus-for-glm-5. Sessions dir contents: ['sessions.json']
2026-04-04 06:29:38,115 - INFO -    💾 Session backup saved: task_deepsearchqa_05_run_4eab8fae-1.jsonl (70 entries, status=timeout)
2026-04-04 06:29:38,115 - INFO - ❌ Task task_deepsearchqa_05: 0.0/1.0 (0%) - llm_judge
2026-04-04 06:29:38,115 - INFO - 
================================================================================
2026-04-04 06:29:38,115 - INFO - 📋 Task 37/210 (Run 1/1)
2026-04-04 06:29:38,115 - INFO - ================================================================================
2026-04-04 06:29:38,115 - INFO - 🤖 Agent [bench-modelstudio-glm-5] starting task: task_deepsearchqa_06
2026-04-04 06:29:38,115 - INFO -    Task: DEEPSEARCHQA Sample 6 (ID: idx_6)
2026-04-04 06:29:38,115 - INFO -    Category: deepsearch_qa
2026-04-04 06:29:38,116 - INFO - Removed 2 old OpenClaw session transcripts for bench-modelstudio-glm-5
2026-04-04 06:35:46,455 - INFO - Found transcript via sessions.json: a5cfb995-cc50-4ce8-94e6-a4080d387d47.jsonl (attempt 1)
2026-04-04 06:35:50,452 - INFO - Agent bench-judge-qwen3-vl-plus-for-glm-5 already exists with correct workspace
2026-04-04 06:35:50,452 - INFO - Removed 1 old OpenClaw session transcripts for bench-judge-qwen3-vl-plus-for-glm-5
2026-04-04 06:38:55,553 - WARNING - Transcript not found for agent bench-judge-qwen3-vl-plus-for-glm-5. Sessions dir contents: ['sessions.json']
2026-04-04 06:38:55,557 - INFO -    💾 Session backup saved: task_deepsearchqa_06_run_4eab8fae-1.jsonl (74 entries, status=success)
2026-04-04 06:38:55,557 - INFO - ❌ Task task_deepsearchqa_06: 0.0/1.0 (0%) - llm_judge
2026-04-04 06:38:55,557 - INFO - 
================================================================================
2026-04-04 06:38:55,557 - INFO - 📋 Task 38/210 (Run 1/1)
2026-04-04 06:38:55,557 - INFO - ================================================================================
2026-04-04 06:38:55,557 - INFO - 🤖 Agent [bench-modelstudio-glm-5] starting task: task_deepsearchqa_07
2026-04-04 06:38:55,557 - INFO -    Task: DEEPSEARCHQA Sample 7 (ID: idx_7)
2026-04-04 06:38:55,557 - INFO -    Category: deepsearch_qa
2026-04-04 06:38:55,558 - INFO - Removed 2 old OpenClaw session transcripts for bench-modelstudio-glm-5
2026-04-04 06:43:58,178 - INFO - Found transcript via sessions.json: b74d7f38-6abc-4f26-a3b3-9ac0eb95246f.jsonl (attempt 1)
2026-04-04 06:43:58,181 - WARNING - Failed to parse transcript line: Unterminated string starting at: line 1 column 236 (char 235)
2026-04-04 06:43:58,181 - WARNING - Failed to parse transcript line: Expecting value: line 1 column 1 (char 0)
2026-04-04 06:43:58,181 - WARNING - Failed to parse transcript line: Expecting value: line 1 column 1 (char 0)
2026-04-04 06:44:02,393 - INFO - Agent bench-judge-qwen3-vl-plus-for-glm-5 already exists with correct workspace
2026-04-04 06:44:02,393 - INFO - Removed 1 old OpenClaw session transcripts for bench-judge-qwen3-vl-plus-for-glm-5
2026-04-04 06:47:02,497 - INFO - Found transcript via sessions.json: 40a631f9-003b-4f75-9c19-c6ad1a073423.jsonl (attempt 1)
2026-04-04 06:47:02,499 - WARNING - Failed to parse transcript line: Unterminated string starting at: line 1 column 229 (char 228)
2026-04-04 06:47:02,499 - WARNING - Failed to parse transcript line: Expecting value: line 1 column 1 (char 0)
2026-04-04 06:47:02,499 - WARNING - Failed to parse transcript line: Expecting value: line 1 column 1 (char 0)
2026-04-04 06:47:02,502 - INFO -    💾 Session backup saved: task_deepsearchqa_07_run_4eab8fae-1.jsonl (44 entries, status=success)
2026-04-04 06:47:02,502 - INFO - ⚠️ Task task_deepsearchqa_07: 0.4/1.0 (40%) - llm_judge
2026-04-04 06:47:02,502 - INFO - 
================================================================================
2026-04-04 06:47:02,502 - INFO - 📋 Task 39/210 (Run 1/1)
2026-04-04 06:47:02,502 - INFO - ================================================================================
2026-04-04 06:47:02,502 - INFO - 🤖 Agent [bench-modelstudio-glm-5] starting task: task_deepsearchqa_08
2026-04-04 06:47:02,502 - INFO -    Task: DEEPSEARCHQA Sample 8 (ID: idx_8)
2026-04-04 06:47:02,502 - INFO -    Category: deepsearch_qa
2026-04-04 06:47:02,503 - INFO - Removed 1 old OpenClaw session transcripts for bench-modelstudio-glm-5
2026-04-04 06:51:15,287 - INFO - Found transcript via sessions.json: d73e5045-6bce-4513-9a4a-e411e1a55caa.jsonl (attempt 1)
2026-04-04 06:51:19,438 - INFO - Agent bench-judge-qwen3-vl-plus-for-glm-5 already exists with correct workspace
2026-04-04 06:51:19,438 - INFO - Removed 1 old OpenClaw session transcripts for bench-judge-qwen3-vl-plus-for-glm-5
2026-04-04 06:54:19,471 - INFO - Found transcript via sessions.json: 12a9a88a-7e89-4777-bb1d-b349eb81f982.jsonl (attempt 1)
2026-04-04 06:54:19,474 - INFO -    💾 Session backup saved: task_deepsearchqa_08_run_4eab8fae-1.jsonl (34 entries, status=success)
2026-04-04 06:54:19,474 - INFO - ⚠️ Task task_deepsearchqa_08: 0.6/1.0 (60%) - llm_judge
2026-04-04 06:54:19,474 - INFO - 
================================================================================
2026-04-04 06:54:19,474 - INFO - 📋 Task 40/210 (Run 1/1)
2026-04-04 06:54:19,474 - INFO - ================================================================================
2026-04-04 06:54:19,474 - INFO - 🤖 Agent [bench-modelstudio-glm-5] starting task: task_deepsearchqa_09
2026-04-04 06:54:19,474 - INFO -    Task: DEEPSEARCHQA Sample 9 (ID: idx_9)
2026-04-04 06:54:19,475 - INFO -    Category: deepsearch_qa
2026-04-04 06:54:19,475 - INFO - Removed 1 old OpenClaw session transcripts for bench-modelstudio-glm-5
2026-04-04 06:58:50,539 - INFO - Found transcript via sessions.json: e90f6584-2a08-4f95-a10d-beeb7e1a485f.jsonl (attempt 1)
2026-04-04 06:58:54,511 - INFO - Agent bench-judge-qwen3-vl-plus-for-glm-5 already exists with correct workspace
2026-04-04 06:58:54,511 - INFO - Removed 1 old OpenClaw session transcripts for bench-judge-qwen3-vl-plus-for-glm-5
2026-04-04 07:01:54,569 - INFO - Found transcript via sessions.json: 7a68088b-05a8-4bd5-a95e-b915852730e4.jsonl (attempt 1)
2026-04-04 07:01:54,569 - WARNING - Failed to parse judge JSON response
2026-04-04 07:01:54,572 - INFO -    💾 Session backup saved: task_deepsearchqa_09_run_4eab8fae-1.jsonl (51 entries, status=success)
2026-04-04 07:01:54,572 - INFO - ❌ Task task_deepsearchqa_09: 0.0/1.0 (0%) - llm_judge
2026-04-04 07:01:54,572 - INFO - 
================================================================================
2026-04-04 07:01:54,572 - INFO - 📋 Task 41/210 (Run 1/1)
2026-04-04 07:01:54,572 - INFO - ================================================================================
2026-04-04 07:01:54,572 - INFO - 🤖 Agent [bench-modelstudio-glm-5] starting task: task_finqa_00
2026-04-04 07:01:54,572 - INFO -    Task: FinQA — page_23.pdf-2
2026-04-04 07:01:54,572 - INFO -    Category: finqa
2026-04-04 07:01:54,573 - INFO - Removed 1 old OpenClaw session transcripts for bench-modelstudio-glm-5
2026-04-04 07:02:28,541 - INFO - Found transcript via sessions.json: b3765c21-e935-49e4-bc7c-e56039ff6791.jsonl (attempt 1)
2026-04-04 07:02:28,542 - INFO -    💾 Session backup saved: task_finqa_00_run_4eab8fae-1.jsonl (8 entries, status=success)
2026-04-04 07:02:28,543 - INFO - ❌ Task task_finqa_00: 0.0/1.0 (0%) - automated
2026-04-04 07:02:28,543 - INFO - 
================================================================================
2026-04-04 07:02:28,543 - INFO - 📋 Task 42/210 (Run 1/1)
2026-04-04 07:02:28,543 - INFO - ================================================================================
2026-04-04 07:02:28,543 - INFO - 🤖 Agent [bench-modelstudio-glm-5] starting task: task_finqa_01
2026-04-04 07:02:28,543 - INFO -    Task: FinQA — page_18.pdf-2
2026-04-04 07:02:28,543 - INFO -    Category: finqa
2026-04-04 07:02:28,543 - INFO - Removed 1 old OpenClaw session transcripts for bench-modelstudio-glm-5
2026-04-04 07:03:10,075 - INFO - Found transcript via sessions.json: af1b8041-6618-4d3f-9884-e983c9fb5faa.jsonl (attempt 1)
2026-04-04 07:03:10,077 - INFO -    💾 Session backup saved: task_finqa_01_run_4eab8fae-1.jsonl (10 entries, status=success)
2026-04-04 07:03:10,077 - INFO - ✅ Task task_finqa_01: 1.0/1.0 (100%) - automated
2026-04-04 07:03:10,077 - INFO - 
================================================================================
2026-04-04 07:03:10,077 - INFO - 📋 Task 43/210 (Run 1/1)
2026-04-04 07:03:10,077 - INFO - ================================================================================
2026-04-04 07:03:10,077 - INFO - 🤖 Agent [bench-modelstudio-glm-5] starting task: task_finqa_02
2026-04-04 07:03:10,077 - INFO -    Task: FinQA — page_94.pdf-1
2026-04-04 07:03:10,077 - INFO -    Category: finqa
2026-04-04 07:03:10,077 - INFO - Removed 1 old OpenClaw session transcripts for bench-modelstudio-glm-5
2026-04-04 07:04:57,202 - INFO - Found transcript via sessions.json: e40d5008-5982-4de4-8f59-e45c0b7b4276.jsonl (attempt 1)
2026-04-04 07:04:57,203 - INFO -    💾 Session backup saved: task_finqa_02_run_4eab8fae-1.jsonl (10 entries, status=success)
2026-04-04 07:04:57,203 - INFO - ✅ Task task_finqa_02: 1.0/1.0 (100%) - automated
2026-04-04 07:04:57,203 - INFO - 
================================================================================
2026-04-04 07:04:57,203 - INFO - 📋 Task 44/210 (Run 1/1)
2026-04-04 07:04:57,203 - INFO - ================================================================================
2026-04-04 07:04:57,203 - INFO - 🤖 Agent [bench-modelstudio-glm-5] starting task: task_finqa_03
2026-04-04 07:04:57,203 - INFO -    Task: FinQA — page_94.pdf-1
2026-04-04 07:04:57,203 - INFO -    Category: finqa
2026-04-04 07:04:57,204 - INFO - Removed 1 old OpenClaw session transcripts for bench-modelstudio-glm-5
2026-04-04 07:05:42,885 - INFO - Found transcript via sessions.json: 87855257-3335-4682-95c5-000ab8e03075.jsonl (attempt 1)
2026-04-04 07:05:42,887 - INFO -    💾 Session backup saved: task_finqa_03_run_4eab8fae-1.jsonl (8 entries, status=success)
2026-04-04 07:05:42,887 - INFO - ❌ Task task_finqa_03: 0.0/1.0 (0%) - automated
2026-04-04 07:05:42,887 - INFO - 
================================================================================
2026-04-04 07:05:42,887 - INFO - 📋 Task 45/210 (Run 1/1)
2026-04-04 07:05:42,887 - INFO - ================================================================================
2026-04-04 07:05:42,887 - INFO - 🤖 Agent [bench-modelstudio-glm-5] starting task: task_finqa_04
2026-04-04 07:05:42,887 - INFO -    Task: FinQA — page_70.pdf-2
2026-04-04 07:05:42,887 - INFO -    Category: finqa
2026-04-04 07:05:42,887 - INFO - Removed 1 old OpenClaw session transcripts for bench-modelstudio-glm-5
2026-04-04 07:07:04,060 - INFO - Found transcript via sessions.json: 39287697-cda9-4293-83a5-ecac840a04b9.jsonl (attempt 1)
2026-04-04 07:07:04,061 - INFO -    💾 Session backup saved: task_finqa_04_run_4eab8fae-1.jsonl (8 entries, status=success)
2026-04-04 07:07:04,061 - INFO - ❌ Task task_finqa_04: 0.0/1.0 (0%) - automated
2026-04-04 07:07:04,061 - INFO - 
================================================================================
2026-04-04 07:07:04,061 - INFO - 📋 Task 46/210 (Run 1/1)
2026-04-04 07:07:04,061 - INFO - ================================================================================
2026-04-04 07:07:04,061 - INFO - 🤖 Agent [bench-modelstudio-glm-5] starting task: task_finqa_05
2026-04-04 07:07:04,061 - INFO -    Task: FinQA — page_35.pdf-4
2026-04-04 07:07:04,061 - INFO -    Category: finqa
2026-04-04 07:07:04,062 - INFO - Removed 1 old OpenClaw session transcripts for bench-modelstudio-glm-5
2026-04-04 07:09:23,316 - INFO - Found transcript via sessions.json: 2aab8035-ba5a-4897-97e0-6a521c919d02.jsonl (attempt 1)
2026-04-04 07:09:23,317 - INFO -    💾 Session backup saved: task_finqa_05_run_4eab8fae-1.jsonl (8 entries, status=success)
2026-04-04 07:09:23,317 - INFO - ❌ Task task_finqa_05: 0.0/1.0 (0%) - automated
2026-04-04 07:09:23,318 - INFO - 
================================================================================
2026-04-04 07:09:23,318 - INFO - 📋 Task 47/210 (Run 1/1)
2026-04-04 07:09:23,318 - INFO - ================================================================================
2026-04-04 07:09:23,318 - INFO - 🤖 Agent [bench-modelstudio-glm-5] starting task: task_finqa_06
2026-04-04 07:09:23,318 - INFO -    Task: FinQA — page_48.pdf-2
2026-04-04 07:09:23,318 - INFO -    Category: finqa
2026-04-04 07:09:23,318 - INFO - Removed 1 old OpenClaw session transcripts for bench-modelstudio-glm-5
2026-04-04 07:10:35,628 - INFO - Found transcript via sessions.json: 6ffd2924-0273-4e36-a1e7-cb21920df6bc.jsonl (attempt 1)
2026-04-04 07:10:35,630 - INFO -    💾 Session backup saved: task_finqa_06_run_4eab8fae-1.jsonl (8 entries, status=success)
2026-04-04 07:10:35,630 - INFO - ❌ Task task_finqa_06: 0.0/1.0 (0%) - automated
2026-04-04 07:10:35,630 - INFO - 
================================================================================
2026-04-04 07:10:35,630 - INFO - 📋 Task 48/210 (Run 1/1)
2026-04-04 07:10:35,630 - INFO - ================================================================================
2026-04-04 07:10:35,630 - INFO - 🤖 Agent [bench-modelstudio-glm-5] starting task: task_finqa_07
2026-04-04 07:10:35,630 - INFO -    Task: FinQA — page_91.pdf-4
2026-04-04 07:10:35,630 - INFO -    Category: finqa
2026-04-04 07:10:35,630 - INFO - Removed 1 old OpenClaw session transcripts for bench-modelstudio-glm-5
2026-04-04 07:11:52,701 - INFO - Found transcript via sessions.json: 66807420-f581-4d64-9696-8839626bca46.jsonl (attempt 1)
2026-04-04 07:11:52,702 - INFO -    💾 Session backup saved: task_finqa_07_run_4eab8fae-1.jsonl (8 entries, status=success)
2026-04-04 07:11:52,702 - INFO - ❌ Task task_finqa_07: 0.0/1.0 (0%) - automated
2026-04-04 07:11:52,702 - INFO - 
================================================================================
2026-04-04 07:11:52,702 - INFO - 📋 Task 49/210 (Run 1/1)
2026-04-04 07:11:52,702 - INFO - ================================================================================
2026-04-04 07:11:52,702 - INFO - 🤖 Agent [bench-modelstudio-glm-5] starting task: task_finqa_08
2026-04-04 07:11:52,702 - INFO -    Task: FinQA — page_64.pdf-3
2026-04-04 07:11:52,702 - INFO -    Category: finqa
2026-04-04 07:11:52,702 - INFO - Removed 1 old OpenClaw session transcripts for bench-modelstudio-glm-5
2026-04-04 07:12:42,170 - INFO - Found transcript via sessions.json: a77c5c00-107a-49e9-92e1-2c7839e632b8.jsonl (attempt 1)
2026-04-04 07:12:42,171 - INFO -    💾 Session backup saved: task_finqa_08_run_4eab8fae-1.jsonl (8 entries, status=success)
2026-04-04 07:12:42,172 - INFO - ✅ Task task_finqa_08: 1.0/1.0 (100%) - automated
2026-04-04 07:12:42,172 - INFO - 
================================================================================
2026-04-04 07:12:42,172 - INFO - 📋 Task 50/210 (Run 1/1)
2026-04-04 07:12:42,172 - INFO - ================================================================================
2026-04-04 07:12:42,172 - INFO - 🤖 Agent [bench-modelstudio-glm-5] starting task: task_finqa_09
2026-04-04 07:12:42,172 - INFO -    Task: FinQA — page_121.pdf-3
2026-04-04 07:12:42,172 - INFO -    Category: finqa
2026-04-04 07:12:42,172 - INFO - Removed 1 old OpenClaw session transcripts for bench-modelstudio-glm-5
2026-04-04 07:13:14,701 - INFO - Found transcript via sessions.json: 0b36039a-f110-467a-a409-1e7d3d405f9c.jsonl (attempt 1)
2026-04-04 07:13:14,702 - INFO -    💾 Session backup saved: task_finqa_09_run_4eab8fae-1.jsonl (8 entries, status=success)
2026-04-04 07:13:14,702 - INFO - ✅ Task task_finqa_09: 1.0/1.0 (100%) - automated
2026-04-04 07:13:14,702 - INFO - 
================================================================================
2026-04-04 07:13:14,702 - INFO - 📋 Task 51/210 (Run 1/1)
2026-04-04 07:13:14,702 - INFO - ================================================================================
2026-04-04 07:13:14,702 - INFO - 🤖 Agent [bench-modelstudio-glm-5] starting task: task_gpqa_00
2026-04-04 07:13:14,702 - INFO -    Task: GPQA Sample 0 (ID: idx_0)
2026-04-04 07:13:14,702 - INFO -    Category: reading_comprehension
2026-04-04 07:13:14,703 - INFO - Removed 1 old OpenClaw session transcripts for bench-modelstudio-glm-5
2026-04-04 07:17:21,246 - INFO - Found transcript via sessions.json: 1e650a1d-6831-4865-9fab-4dc44c736092.jsonl (attempt 1)
2026-04-04 07:17:25,378 - INFO - Agent bench-judge-qwen3-vl-plus-for-glm-5 already exists with correct workspace
2026-04-04 07:17:25,378 - INFO - Removed 1 old OpenClaw session transcripts for bench-judge-qwen3-vl-plus-for-glm-5
2026-04-04 07:20:25,418 - INFO - Found transcript via sessions.json: c3adde3d-06b7-4500-8296-ac6b07215f72.jsonl (attempt 1)
2026-04-04 07:20:25,419 - INFO -    💾 Session backup saved: task_gpqa_00_run_4eab8fae-1.jsonl (14 entries, status=success)
2026-04-04 07:20:25,419 - INFO - ⚠️ Task task_gpqa_00: 1.0/1.0 (96%) - hybrid
2026-04-04 07:20:25,419 - INFO -    Notes: The agent correctly derived the physics and math: K ∝ P^(-1/3), Δλ ∝ K, so P₂/P₁ = (Δλ₁/Δλ₂)³ = (5/7)³ ≈ 0.364. It explicitly recognized the question's phrasing ('how many times longer') is misleading
2026-04-04 07:20:25,419 - INFO - 
================================================================================
2026-04-04 07:20:25,419 - INFO - 📋 Task 52/210 (Run 1/1)
2026-04-04 07:20:25,420 - INFO - ================================================================================
2026-04-04 07:20:25,420 - INFO - 🤖 Agent [bench-modelstudio-glm-5] starting task: task_gpqa_01
2026-04-04 07:20:25,420 - INFO -    Task: GPQA Sample 1 (ID: idx_1)
2026-04-04 07:20:25,420 - INFO -    Category: reading_comprehension
2026-04-04 07:20:25,420 - INFO - Removed 1 old OpenClaw session transcripts for bench-modelstudio-glm-5
2026-04-04 07:25:32,323 - INFO - Found transcript via sessions.json: 80fc7d6c-d325-4142-8dbb-15f751dffc73.jsonl (attempt 1)
2026-04-04 07:25:36,470 - INFO - Agent bench-judge-qwen3-vl-plus-for-glm-5 already exists with correct workspace
2026-04-04 07:25:36,471 - INFO - Removed 1 old OpenClaw session transcripts for bench-judge-qwen3-vl-plus-for-glm-5
2026-04-04 07:28:36,479 - INFO - Found transcript via sessions.json: bf6fd429-32d5-4db1-a2cb-3e4ab9a309cf.jsonl (attempt 1)
2026-04-04 07:28:36,481 - INFO -    💾 Session backup saved: task_gpqa_01_run_4eab8fae-1.jsonl (12 entries, status=success)
2026-04-04 07:28:36,481 - INFO - ⚠️ Task task_gpqa_01: 1.0/1.0 (98%) - hybrid
2026-04-04 07:28:36,481 - INFO - 
================================================================================
2026-04-04 07:28:36,481 - INFO - 📋 Task 53/210 (Run 1/1)
2026-04-04 07:28:36,481 - INFO - ================================================================================
2026-04-04 07:28:36,482 - INFO - 🤖 Agent [bench-modelstudio-glm-5] starting task: task_gpqa_02
2026-04-04 07:28:36,482 - INFO -    Task: GPQA Sample 2 (ID: idx_2)
2026-04-04 07:28:36,482 - INFO -    Category: reading_comprehension
2026-04-04 07:28:36,482 - INFO - Removed 1 old OpenClaw session transcripts for bench-modelstudio-glm-5
2026-04-04 07:31:24,074 - INFO - Found transcript via sessions.json: 7416e3c2-15d0-4c35-8086-f0950368c4d1.jsonl (attempt 1)
2026-04-04 07:31:28,194 - INFO - Agent bench-judge-qwen3-vl-plus-for-glm-5 already exists with correct workspace
2026-04-04 07:31:28,194 - INFO - Removed 1 old OpenClaw session transcripts for bench-judge-qwen3-vl-plus-for-glm-5
2026-04-04 07:33:42,408 - INFO - Found transcript via sessions.json: 3d5ba361-3880-4b56-a5c2-de73850887ac.jsonl (attempt 1)
2026-04-04 07:33:42,409 - INFO -    💾 Session backup saved: task_gpqa_02_run_4eab8fae-1.jsonl (8 entries, status=success)
2026-04-04 07:33:42,409 - INFO - ⚠️ Task task_gpqa_02: 0.7/1.0 (70%) - hybrid
2026-04-04 07:33:42,409 - INFO -    Notes: The agent’s final name (5-cyano-2-(dimethylamino)-3-formyl-4-methoxy-6-hydroxybenzoic acid) is incorrect: the correct IUPAC name must give the lowest possible locant set at the first point of differen
2026-04-04 07:33:42,409 - INFO - 
================================================================================
2026-04-04 07:33:42,409 - INFO - 📋 Task 54/210 (Run 1/1)
2026-04-04 07:33:42,409 - INFO - ================================================================================
2026-04-04 07:33:42,409 - INFO - 🤖 Agent [bench-modelstudio-glm-5] starting task: task_gpqa_03
2026-04-04 07:33:42,409 - INFO -    Task: GPQA Sample 3 (ID: idx_3)
2026-04-04 07:33:42,409 - INFO -    Category: reading_comprehension
2026-04-04 07:33:42,409 - INFO - Removed 1 old OpenClaw session transcripts for bench-modelstudio-glm-5
2026-04-04 07:35:58,670 - INFO - Found transcript via sessions.json: f7cd2525-a9c0-4cae-9385-ab32a6841bf5.jsonl (attempt 1)
2026-04-04 07:36:04,055 - INFO - Agent bench-judge-qwen3-vl-plus-for-glm-5 already exists with correct workspace
2026-04-04 07:36:04,056 - INFO - Removed 1 old OpenClaw session transcripts for bench-judge-qwen3-vl-plus-for-glm-5
2026-04-04 07:38:39,748 - INFO - Found transcript via sessions.json: e92414f0-8c71-4af7-8bdf-f0c0da298a87.jsonl (attempt 1)
2026-04-04 07:38:39,751 - INFO -    💾 Session backup saved: task_gpqa_03_run_4eab8fae-1.jsonl (8 entries, status=success)
2026-04-04 07:38:39,751 - INFO - ✅ Task task_gpqa_03: 1.0/1.0 (100%) - hybrid
2026-04-04 07:38:39,751 - INFO -    Notes: The agent correctly derived dN/d(plx) ∝ plx⁻⁴ using volume element and Jacobian transformation. Reasoning is step-by-step, clear, and includes physical interpretation and observational implications. A
2026-04-04 07:38:39,751 - INFO - 
================================================================================
2026-04-04 07:38:39,751 - INFO - 📋 Task 55/210 (Run 1/1)
2026-04-04 07:38:39,751 - INFO - ================================================================================
2026-04-04 07:38:39,751 - INFO - 🤖 Agent [bench-modelstudio-glm-5] starting task: task_gpqa_04
2026-04-04 07:38:39,751 - INFO -    Task: GPQA Sample 4 (ID: idx_4)
2026-04-04 07:38:39,751 - INFO -    Category: reading_comprehension
2026-04-04 07:38:39,751 - INFO - Removed 1 old OpenClaw session transcripts for bench-modelstudio-glm-5
2026-04-04 07:41:17,859 - INFO - Found transcript via sessions.json: 90da31c6-4b72-412c-96ca-7e50b271ca14.jsonl (attempt 1)
2026-04-04 07:41:21,979 - INFO - Agent bench-judge-qwen3-vl-plus-for-glm-5 already exists with correct workspace
2026-04-04 07:41:21,980 - INFO - Removed 1 old OpenClaw session transcripts for bench-judge-qwen3-vl-plus-for-glm-5
2026-04-04 07:43:27,547 - INFO - Found transcript via sessions.json: a0cceccc-3408-4e0b-8882-14282faf4154.jsonl (attempt 1)
2026-04-04 07:43:27,548 - INFO -    💾 Session backup saved: task_gpqa_04_run_4eab8fae-1.jsonl (8 entries, status=success)
2026-04-04 07:43:27,548 - INFO - ⚠️ Task task_gpqa_04: 0.7/1.0 (68%) - hybrid
2026-04-04 07:43:27,548 - INFO -    Notes: The agent incorrectly concluded 'no reaction' due to aromaticity, but the expected answer is a specific exo adduct: (3aR,4R,7S,7aS)-4,7-dimethyl-3a,4,7,7a-tetrahydro-4,7-epithioisobenzofuran-1,3-dione
2026-04-04 07:43:27,548 - INFO - 
================================================================================
2026-04-04 07:43:27,548 - INFO - 📋 Task 56/210 (Run 1/1)
2026-04-04 07:43:27,548 - INFO - ================================================================================
2026-04-04 07:43:27,548 - INFO - 🤖 Agent [bench-modelstudio-glm-5] starting task: task_gpqa_05
2026-04-04 07:43:27,548 - INFO -    Task: GPQA Sample 5 (ID: idx_5)
2026-04-04 07:43:27,548 - INFO -    Category: reading_comprehension
2026-04-04 07:43:27,549 - INFO - Removed 1 old OpenClaw session transcripts for bench-modelstudio-glm-5
2026-04-04 07:45:39,524 - INFO - Found transcript via sessions.json: b5a10501-dea3-43af-b1fa-94cd9d939299.jsonl (attempt 1)
2026-04-04 07:45:43,727 - INFO - Agent bench-judge-qwen3-vl-plus-for-glm-5 already exists with correct workspace
2026-04-04 07:45:43,727 - INFO - Removed 1 old OpenClaw session transcripts for bench-judge-qwen3-vl-plus-for-glm-5
2026-04-04 07:48:43,739 - INFO - Found transcript via sessions.json: d7b700a8-df8f-4755-8c0f-5d12854b73b8.jsonl (attempt 1)
2026-04-04 07:48:43,740 - WARNING - Failed to parse judge JSON response
2026-04-04 07:48:43,740 - INFO -    💾 Session backup saved: task_gpqa_05_run_4eab8fae-1.jsonl (10 entries, status=success)
2026-04-04 07:48:43,740 - INFO - ⚠️ Task task_gpqa_05: 0.3/1.0 (30%) - hybrid
2026-04-04 07:48:43,740 - INFO - 
================================================================================
2026-04-04 07:48:43,740 - INFO - 📋 Task 57/210 (Run 1/1)
2026-04-04 07:48:43,740 - INFO - ================================================================================
2026-04-04 07:48:43,740 - INFO - 🤖 Agent [bench-modelstudio-glm-5] starting task: task_gpqa_06
2026-04-04 07:48:43,740 - INFO -    Task: GPQA Sample 6 (ID: idx_6)
2026-04-04 07:48:43,740 - INFO -    Category: reading_comprehension
2026-04-04 07:48:43,741 - INFO - Removed 1 old OpenClaw session transcripts for bench-modelstudio-glm-5
2026-04-04 07:51:16,652 - INFO - Found transcript via sessions.json: 42e80e7d-7894-466c-9c94-e6f88036c890.jsonl (attempt 1)
2026-04-04 07:51:20,752 - INFO - Agent bench-judge-qwen3-vl-plus-for-glm-5 already exists with correct workspace
2026-04-04 07:51:20,753 - INFO - Removed 1 old OpenClaw session transcripts for bench-judge-qwen3-vl-plus-for-glm-5
2026-04-04 07:54:20,801 - INFO - Found transcript via sessions.json: 6a1115a8-4e5c-45f7-9024-4e2a953d611c.jsonl (attempt 1)
2026-04-04 07:54:20,801 - WARNING - Failed to parse judge JSON response
2026-04-04 07:54:20,802 - INFO -    💾 Session backup saved: task_gpqa_06_run_4eab8fae-1.jsonl (8 entries, status=success)
2026-04-04 07:54:20,802 - INFO - ⚠️ Task task_gpqa_06: 0.3/1.0 (30%) - hybrid
2026-04-04 07:54:20,802 - INFO - 
================================================================================
2026-04-04 07:54:20,802 - INFO - 📋 Task 58/210 (Run 1/1)
2026-04-04 07:54:20,802 - INFO - ================================================================================
2026-04-04 07:54:20,802 - INFO - 🤖 Agent [bench-modelstudio-glm-5] starting task: task_gpqa_07
2026-04-04 07:54:20,802 - INFO -    Task: GPQA Sample 7 (ID: idx_7)
2026-04-04 07:54:20,802 - INFO -    Category: reading_comprehension
2026-04-04 07:54:20,802 - INFO - Removed 1 old OpenClaw session transcripts for bench-modelstudio-glm-5
2026-04-04 07:58:31,146 - INFO - Found transcript via sessions.json: 1a24327e-5774-4a63-80da-4a55c2b5e89d.jsonl (attempt 1)
2026-04-04 07:58:35,143 - INFO - Agent bench-judge-qwen3-vl-plus-for-glm-5 already exists with correct workspace
2026-04-04 07:58:35,143 - INFO - Removed 1 old OpenClaw session transcripts for bench-judge-qwen3-vl-plus-for-glm-5
2026-04-04 08:01:35,160 - INFO - Found transcript via sessions.json: 1fbd0cef-2fa7-41b5-9195-6efaf7507834.jsonl (attempt 1)
2026-04-04 08:01:35,161 - INFO -    💾 Session backup saved: task_gpqa_07_run_4eab8fae-1.jsonl (8 entries, status=success)
2026-04-04 08:01:35,161 - INFO - ⚠️ Task task_gpqa_07: 1.0/1.0 (96%) - hybrid
2026-04-04 08:01:35,161 - INFO - 
================================================================================
2026-04-04 08:01:35,161 - INFO - 📋 Task 59/210 (Run 1/1)
2026-04-04 08:01:35,161 - INFO - ================================================================================
2026-04-04 08:01:35,161 - INFO - 🤖 Agent [bench-modelstudio-glm-5] starting task: task_gpqa_08
2026-04-04 08:01:35,161 - INFO -    Task: GPQA Sample 8 (ID: idx_8)
2026-04-04 08:01:35,161 - INFO -    Category: reading_comprehension
2026-04-04 08:01:35,162 - INFO - Removed 1 old OpenClaw session transcripts for bench-modelstudio-glm-5
2026-04-04 08:04:21,210 - INFO - Found transcript via sessions.json: 9deb6e93-1812-4ff1-b6ce-75b4a910b9e0.jsonl (attempt 1)
2026-04-04 08:04:25,322 - INFO - Agent bench-judge-qwen3-vl-plus-for-glm-5 already exists with correct workspace
2026-04-04 08:04:25,323 - INFO - Removed 1 old OpenClaw session transcripts for bench-judge-qwen3-vl-plus-for-glm-5
2026-04-04 08:07:25,330 - INFO - Found transcript via sessions.json: 4572565e-454c-45a4-8f49-c26f083a7616.jsonl (attempt 1)
2026-04-04 08:07:25,331 - INFO -    💾 Session backup saved: task_gpqa_08_run_4eab8fae-1.jsonl (10 entries, status=success)
2026-04-04 08:07:25,332 - INFO - ⚠️ Task task_gpqa_08: 0.7/1.0 (73%) - hybrid
2026-04-04 08:07:25,332 - INFO -    Notes: Agent correctly identified the reaction as Mannich-type and provided detailed mechanistic reasoning (excellent reasoning quality, score 1.0). However, the reagent A was identified as cyclohexanone + f
2026-04-04 08:07:25,332 - INFO - 
================================================================================
2026-04-04 08:07:25,332 - INFO - 📋 Task 60/210 (Run 1/1)
2026-04-04 08:07:25,332 - INFO - ================================================================================
2026-04-04 08:07:25,332 - INFO - 🤖 Agent [bench-modelstudio-glm-5] starting task: task_gpqa_09
2026-04-04 08:07:25,332 - INFO -    Task: GPQA Sample 9 (ID: idx_9)
2026-04-04 08:07:25,332 - INFO -    Category: reading_comprehension
2026-04-04 08:07:25,332 - INFO - Removed 1 old OpenClaw session transcripts for bench-modelstudio-glm-5
2026-04-04 08:10:19,927 - INFO - Found transcript via sessions.json: fbe7970c-4840-4dc6-a33a-4f92edf1a6f1.jsonl (attempt 1)
2026-04-04 08:10:23,992 - INFO - Agent bench-judge-qwen3-vl-plus-for-glm-5 already exists with correct workspace
2026-04-04 08:10:23,992 - INFO - Removed 1 old OpenClaw session transcripts for bench-judge-qwen3-vl-plus-for-glm-5
2026-04-04 08:13:23,999 - INFO - Found transcript via sessions.json: 667c2067-3816-4e2c-b751-092c2983bcab.jsonl (attempt 1)
2026-04-04 08:13:24,001 - INFO -    💾 Session backup saved: task_gpqa_09_run_4eab8fae-1.jsonl (32 entries, status=success)
2026-04-04 08:13:24,001 - INFO - ✅ Task task_gpqa_09: 1.0/1.0 (100%) - hybrid
2026-04-04 08:13:24,001 - INFO -    Notes: The agent correctly identified that S. cerevisiae lacks the PRC2 complex and H3K27me3 modification — a critical evolutionary fact confirmed by multiple search results. It synthesized this with the bio
2026-04-04 08:13:24,001 - INFO - 
================================================================================
2026-04-04 08:13:24,001 - INFO - 📋 Task 61/210 (Run 1/1)
2026-04-04 08:13:24,001 - INFO - ================================================================================
2026-04-04 08:13:24,001 - INFO - 🤖 Agent [bench-modelstudio-glm-5] starting task: task_hle_00
2026-04-04 08:13:24,001 - INFO -    Task: HLE Sample 0 (Math)
2026-04-04 08:13:24,001 - INFO -    Category: reasoning
2026-04-04 08:13:24,002 - INFO - Removed 1 old OpenClaw session transcripts for bench-modelstudio-glm-5
2026-04-04 08:16:48,193 - INFO - Found transcript via sessions.json: 58e9671e-15d2-4887-b918-3f3b5640c3ac.jsonl (attempt 1)
2026-04-04 08:16:52,240 - INFO - Agent bench-judge-qwen3-vl-plus-for-glm-5 already exists with correct workspace
2026-04-04 08:16:52,241 - INFO - Removed 1 old OpenClaw session transcripts for bench-judge-qwen3-vl-plus-for-glm-5
2026-04-04 08:19:52,273 - INFO - Found transcript via sessions.json: e3d49e1b-6e7e-4860-a8b2-52ae7d51b2d6.jsonl (attempt 1)
2026-04-04 08:19:52,274 - INFO -    💾 Session backup saved: task_hle_00_run_4eab8fae-1.jsonl (14 entries, status=success)
2026-04-04 08:19:52,274 - INFO - ✅ Task task_hle_00: 1.0/1.0 (100%) - llm_judge
2026-04-04 08:19:52,274 - INFO -    Notes: The agent correctly identifies the fundamental incompatibility between cartesian closed structure and abelian structure, leading to the conclusion that such a category must be trivial (equivalent to t
2026-04-04 08:19:52,274 - INFO - 
================================================================================
2026-04-04 08:19:52,274 - INFO - 📋 Task 62/210 (Run 1/1)
2026-04-04 08:19:52,274 - INFO - ================================================================================
2026-04-04 08:19:52,274 - INFO - 🤖 Agent [bench-modelstudio-glm-5] starting task: task_hle_01
2026-04-04 08:19:52,274 - INFO -    Task: HLE Sample 1 (Math)
2026-04-04 08:19:52,274 - INFO -    Category: reasoning
2026-04-04 08:19:52,274 - INFO - Removed 1 old OpenClaw session transcripts for bench-modelstudio-glm-5
2026-04-04 08:27:54,358 - INFO - Found transcript via sessions.json: c8836a4f-7e63-4267-b6d5-9d467323d222.jsonl (attempt 1)
2026-04-04 08:27:58,365 - INFO - Agent bench-judge-qwen3-vl-plus-for-glm-5 already exists with correct workspace
2026-04-04 08:27:58,365 - INFO - Removed 1 old OpenClaw session transcripts for bench-judge-qwen3-vl-plus-for-glm-5
2026-04-04 08:30:58,414 - INFO - Found transcript via sessions.json: 171d4594-9333-44fb-abe6-9d2ea99c64f5.jsonl (attempt 1)
2026-04-04 08:30:58,416 - INFO -    💾 Session backup saved: task_hle_01_run_4eab8fae-1.jsonl (25 entries, status=timeout)
2026-04-04 08:30:58,416 - INFO - ⚠️ Task task_hle_01: 0.8/1.0 (85%) - llm_judge
2026-04-04 08:30:58,416 - INFO - 
================================================================================
2026-04-04 08:30:58,416 - INFO - 📋 Task 63/210 (Run 1/1)
2026-04-04 08:30:58,416 - INFO - ================================================================================
2026-04-04 08:30:58,416 - INFO - 🤖 Agent [bench-modelstudio-glm-5] starting task: task_hle_02
2026-04-04 08:30:58,416 - INFO -    Task: HLE Sample 2 (Other)
2026-04-04 08:30:58,416 - INFO -    Category: reasoning
2026-04-04 08:30:58,416 - INFO - Removed 2 old OpenClaw session transcripts for bench-modelstudio-glm-5
2026-04-04 08:34:00,981 - INFO - Found transcript via sessions.json: 8e67b7ca-1170-4e0c-97d4-570a5290aae0.jsonl (attempt 1)
2026-04-04 08:34:05,004 - INFO - Agent bench-judge-qwen3-vl-plus-for-glm-5 already exists with correct workspace
2026-04-04 08:34:05,004 - INFO - Removed 1 old OpenClaw session transcripts for bench-judge-qwen3-vl-plus-for-glm-5
2026-04-04 08:36:49,193 - INFO - Found transcript via sessions.json: 162c31c4-1cb3-4086-8412-a70f3c7b426c.jsonl (attempt 1)
2026-04-04 08:36:49,199 - INFO -    💾 Session backup saved: task_hle_02_run_4eab8fae-1.jsonl (10 entries, status=success)
2026-04-04 08:36:49,199 - INFO - ❌ Task task_hle_02: 0.0/1.0 (0%) - llm_judge
2026-04-04 08:36:49,199 - INFO -    Notes: The agent answered C (North Tethys Plate and South Tethys Plate), but the ground truth is D (South Kesh Plate and Eurybian Plate). The agent failed to read the image (file not found), then fabricated 
2026-04-04 08:36:49,199 - INFO - 
================================================================================
2026-04-04 08:36:49,199 - INFO - 📋 Task 64/210 (Run 1/1)
2026-04-04 08:36:49,199 - INFO - ================================================================================
2026-04-04 08:36:49,199 - INFO - 🤖 Agent [bench-modelstudio-glm-5] starting task: task_hle_03
2026-04-04 08:36:49,199 - INFO -    Task: HLE Sample 3 (Math)
2026-04-04 08:36:49,199 - INFO -    Category: reasoning
2026-04-04 08:36:49,200 - INFO - Removed 2 old OpenClaw session transcripts for bench-modelstudio-glm-5
2026-04-04 08:39:06,844 - INFO - Found transcript via sessions.json: 6372eda3-fb8b-4464-8cdc-7db65ff2e44d.jsonl (attempt 1)
2026-04-04 08:39:11,102 - INFO - Agent bench-judge-qwen3-vl-plus-for-glm-5 already exists with correct workspace
2026-04-04 08:39:11,102 - INFO - Removed 1 old OpenClaw session transcripts for bench-judge-qwen3-vl-plus-for-glm-5
[2026-04-04T08:41:20+00:00] exit_code=143
