2026-04-08 03:09:00,382 - INFO - 🦞🦀🦐 PinchBench - OpenClaw Benchmarking

░       ░░░        ░░   ░░░  ░░░      ░░░  ░░░░  ░░       ░░░        ░░   ░░░  ░░░      ░░░  ░░░░  ░
▒  ▒▒▒▒  ▒▒▒▒▒  ▒▒▒▒▒    ▒▒  ▒▒  ▒▒▒▒  ▒▒  ▒▒▒▒  ▒▒  ▒▒▒▒  ▒▒  ▒▒▒▒▒▒▒▒    ▒▒  ▒▒  ▒▒▒▒  ▒▒  ▒▒▒▒  ▒
▓       ▓▓▓▓▓▓  ▓▓▓▓▓  ▓  ▓  ▓▓  ▓▓▓▓▓▓▓▓        ▓▓       ▓▓▓      ▓▓▓▓  ▓  ▓  ▓▓  ▓▓▓▓▓▓▓▓        ▓
█  ███████████  █████  ██    ██  ████  ██  ████  ██  ████  ██  ████████  ██    ██  ████  ██  ████  █
█  ████████        ██  ███   ███      ███  ████  ██       ███        ██  ███   ███      ███  ████  █

                                                           @%@%%@                       
                                             %*+#++#@   %+-=-....=@                     
                                    @@%%%##%--+.....:# @=-=.:-.:-.=                     
                  #%###%##++=---------+#==+-:+.+%++%==-+:-=-#####+.@                    
            %+----------------------*%%@@@%-:=:#####+-=+--=.+####.-+=#@                 
            %+====+*##+=====--------------=--=.-###+.=++##=-..+=.:+--=@                 
            %+================+*##*+++++**+==+=.....==----=*=---+----=@                 
            #+========================--------=#=-==-----------------=@                 
            #+========================-------------------------------=@                 
            **========================---------------------------++--+@                 
            @%*+======================------++--=#+--------------==-=#@                 
            @%%%%%###*+===============------#%--=#+--------=++++#%%###%%@               
             @@@%@%%%%%%@%###+========------==--=+**+*#%%#######%%%%%%%%%%%@            
             @@%%@@@%%@@@%%%%%%%%%####+++**#%%########%%%%%%@@%%@  @@@@###%%@@          
            @@%#%@@%%@@@@%%@@@@@@%%%%%#####%%%%%%@@@@@@@@%%@@%%#%     @@%%#####%@       
            @%#%%@%##@ @%#%@  @@%%@@@%%%%@@     @@@ @%@ @@%@@@%#%     @@%#######%@      
            @%%@@%##%@@%##%@ @@%#% @@%#%%@@         @@  @%%@ @%%@     @@%########%@     
            @@%%@@%%@ @%##%@ @%###@ @@%#####%@@@@       @@  @%%@      @%%#%#######%     
             @%%@%#%@ @@%%@  @%###@  @@%###%######%%##%%@   @@@       @%#%@%######%     
              @@ @%%@  @%%@  @@%%@    @@%%%########%######%@          @%%%@@#####%@     
                  @@@  @@%%@  @%#%      @@%#########@@@@@@%%@         @@%@ %####%@      
                        @@%@   @%#@       @%###########@@@@%@             @%##%@        
                                @%%        @%%##############%@            @@            
                                            @@%%%########%@@                            
                                               @@@%%%%%@@@                              
                                                                                        
                                                                                        
                                                                                        

2026-04-08 03:09:00,382 - INFO - 🦞🦀🦐 Starting PinchBench 🦐🦀🦞
2026-04-08 03:09:05,388 - INFO - 🔧 Initializing BenchmarkRunner...
2026-04-08 03:09:05,388 - INFO - Initialized TaskLoader with directory: /root/workspace/skill/tasks
2026-04-08 03:09:05,388 - INFO - Initialized BenchmarkRunner
2026-04-08 03:09:05,389 - INFO - 📂 Loading tasks from directory...
2026-04-08 03:09:05,389 - INFO - Loading tasks...
2026-04-08 03:09:05,391 - INFO - Found 208 task files
2026-04-08 03:09:05,392 - INFO - Successfully loaded task: task_advancedif_00
2026-04-08 03:09:05,393 - INFO - Successfully loaded task: task_advancedif_01
2026-04-08 03:09:05,394 - INFO - Successfully loaded task: task_advancedif_02
2026-04-08 03:09:05,395 - INFO - Successfully loaded task: task_advancedif_03
2026-04-08 03:09:05,396 - INFO - Successfully loaded task: task_advancedif_04
2026-04-08 03:09:05,397 - INFO - Successfully loaded task: task_advancedif_05
2026-04-08 03:09:05,397 - INFO - Successfully loaded task: task_advancedif_06
2026-04-08 03:09:05,398 - INFO - Successfully loaded task: task_advancedif_07
2026-04-08 03:09:05,399 - INFO - Successfully loaded task: task_advancedif_08
2026-04-08 03:09:05,400 - INFO - Successfully loaded task: task_advancedif_09
2026-04-08 03:09:05,401 - INFO - Successfully loaded task: task_bamboogle_00
2026-04-08 03:09:05,402 - INFO - Successfully loaded task: task_bamboogle_01
2026-04-08 03:09:05,403 - INFO - Successfully loaded task: task_bamboogle_02
2026-04-08 03:09:05,405 - INFO - Successfully loaded task: task_bamboogle_03
2026-04-08 03:09:05,406 - INFO - Successfully loaded task: task_bamboogle_04
2026-04-08 03:09:05,407 - INFO - Successfully loaded task: task_bamboogle_05
2026-04-08 03:09:05,408 - INFO - Successfully loaded task: task_bamboogle_06
2026-04-08 03:09:05,409 - INFO - Successfully loaded task: task_bamboogle_07
2026-04-08 03:09:05,410 - INFO - Successfully loaded task: task_bamboogle_08
2026-04-08 03:09:05,411 - INFO - Successfully loaded task: task_bamboogle_09
2026-04-08 03:09:05,412 - INFO - Successfully loaded task: task_charxiv_00
2026-04-08 03:09:05,413 - INFO - Successfully loaded task: task_charxiv_01
2026-04-08 03:09:05,413 - INFO - Successfully loaded task: task_charxiv_02
2026-04-08 03:09:05,414 - INFO - Successfully loaded task: task_charxiv_03
2026-04-08 03:09:05,415 - INFO - Successfully loaded task: task_charxiv_04
2026-04-08 03:09:05,416 - INFO - Successfully loaded task: task_charxiv_05
2026-04-08 03:09:05,417 - INFO - Successfully loaded task: task_charxiv_06
2026-04-08 03:09:05,417 - INFO - Successfully loaded task: task_charxiv_07
2026-04-08 03:09:05,418 - INFO - Successfully loaded task: task_charxiv_08
2026-04-08 03:09:05,419 - INFO - Successfully loaded task: task_charxiv_09
2026-04-08 03:09:05,420 - INFO - Successfully loaded task: task_deepsearchqa_00
2026-04-08 03:09:05,421 - INFO - Successfully loaded task: task_deepsearchqa_01
2026-04-08 03:09:05,422 - INFO - Successfully loaded task: task_deepsearchqa_02
2026-04-08 03:09:05,423 - INFO - Successfully loaded task: task_deepsearchqa_03
2026-04-08 03:09:05,424 - INFO - Successfully loaded task: task_deepsearchqa_04
2026-04-08 03:09:05,425 - INFO - Successfully loaded task: task_deepsearchqa_05
2026-04-08 03:09:05,426 - INFO - Successfully loaded task: task_deepsearchqa_06
2026-04-08 03:09:05,427 - INFO - Successfully loaded task: task_deepsearchqa_07
2026-04-08 03:09:05,428 - INFO - Successfully loaded task: task_deepsearchqa_08
2026-04-08 03:09:05,430 - INFO - Successfully loaded task: task_deepsearchqa_09
2026-04-08 03:09:05,430 - INFO - Successfully loaded task: task_finqa_00
2026-04-08 03:09:05,431 - INFO - Successfully loaded task: task_finqa_01
2026-04-08 03:09:05,432 - INFO - Successfully loaded task: task_finqa_02
2026-04-08 03:09:05,433 - INFO - Successfully loaded task: task_finqa_03
2026-04-08 03:09:05,434 - INFO - Successfully loaded task: task_finqa_04
2026-04-08 03:09:05,435 - INFO - Successfully loaded task: task_finqa_05
2026-04-08 03:09:05,436 - INFO - Successfully loaded task: task_finqa_06
2026-04-08 03:09:05,437 - INFO - Successfully loaded task: task_finqa_07
2026-04-08 03:09:05,437 - INFO - Successfully loaded task: task_finqa_08
2026-04-08 03:09:05,438 - INFO - Successfully loaded task: task_finqa_09
2026-04-08 03:09:05,439 - INFO - Successfully loaded task: task_gpqa_00
2026-04-08 03:09:05,440 - INFO - Successfully loaded task: task_gpqa_01
2026-04-08 03:09:05,441 - INFO - Successfully loaded task: task_gpqa_02
2026-04-08 03:09:05,442 - INFO - Successfully loaded task: task_gpqa_03
2026-04-08 03:09:05,443 - INFO - Successfully loaded task: task_gpqa_04
2026-04-08 03:09:05,444 - INFO - Successfully loaded task: task_gpqa_05
2026-04-08 03:09:05,445 - INFO - Successfully loaded task: task_gpqa_06
2026-04-08 03:09:05,446 - INFO - Successfully loaded task: task_gpqa_07
2026-04-08 03:09:05,447 - INFO - Successfully loaded task: task_gpqa_08
2026-04-08 03:09:05,448 - INFO - Successfully loaded task: task_gpqa_09
2026-04-08 03:09:05,449 - INFO - Successfully loaded task: task_hle_00
2026-04-08 03:09:05,450 - INFO - Successfully loaded task: task_hle_01
2026-04-08 03:09:05,450 - INFO - Successfully loaded task: task_hle_02
2026-04-08 03:09:05,451 - INFO - Successfully loaded task: task_hle_03
2026-04-08 03:09:05,452 - INFO - Successfully loaded task: task_hle_04
2026-04-08 03:09:05,452 - INFO - Successfully loaded task: task_hle_05
2026-04-08 03:09:05,453 - INFO - Successfully loaded task: task_hle_06
2026-04-08 03:09:05,453 - INFO - Successfully loaded task: task_hle_07
2026-04-08 03:09:05,454 - INFO - Successfully loaded task: task_hle_08
2026-04-08 03:09:05,455 - INFO - Successfully loaded task: task_hle_09
2026-04-08 03:09:05,456 - INFO - Successfully loaded task: task_lexeval_00
2026-04-08 03:09:05,457 - INFO - Successfully loaded task: task_lexeval_01
2026-04-08 03:09:05,458 - INFO - Successfully loaded task: task_lexeval_02
2026-04-08 03:09:05,459 - INFO - Successfully loaded task: task_lexeval_03
2026-04-08 03:09:05,460 - INFO - Successfully loaded task: task_lexeval_04
2026-04-08 03:09:05,461 - INFO - Successfully loaded task: task_lexeval_05
2026-04-08 03:09:05,463 - INFO - Successfully loaded task: task_lexeval_06
2026-04-08 03:09:05,464 - INFO - Successfully loaded task: task_lexeval_07
2026-04-08 03:09:05,465 - INFO - Successfully loaded task: task_lexeval_08
2026-04-08 03:09:05,466 - INFO - Successfully loaded task: task_lexeval_09
2026-04-08 03:09:05,467 - INFO - Successfully loaded task: task_lexeval_10
2026-04-08 03:09:05,468 - INFO - Successfully loaded task: task_lexeval_11
2026-04-08 03:09:05,469 - INFO - Successfully loaded task: task_lexeval_12
2026-04-08 03:09:05,470 - INFO - Successfully loaded task: task_lexeval_13
2026-04-08 03:09:05,472 - INFO - Successfully loaded task: task_lexeval_14
2026-04-08 03:09:05,473 - INFO - Successfully loaded task: task_lexeval_15
2026-04-08 03:09:05,474 - INFO - Successfully loaded task: task_lexeval_16
2026-04-08 03:09:05,475 - INFO - Successfully loaded task: task_lexeval_17
2026-04-08 03:09:05,476 - INFO - Successfully loaded task: task_lexeval_18
2026-04-08 03:09:05,477 - INFO - Successfully loaded task: task_lexeval_19
2026-04-08 03:09:05,478 - INFO - Successfully loaded task: task_logiqa_00
2026-04-08 03:09:05,480 - INFO - Successfully loaded task: task_logiqa_01
2026-04-08 03:09:05,481 - INFO - Successfully loaded task: task_logiqa_02
2026-04-08 03:09:05,483 - INFO - Successfully loaded task: task_logiqa_03
2026-04-08 03:09:05,484 - INFO - Successfully loaded task: task_logiqa_04
2026-04-08 03:09:05,486 - INFO - Successfully loaded task: task_logiqa_05
2026-04-08 03:09:05,488 - INFO - Successfully loaded task: task_logiqa_06
2026-04-08 03:09:05,490 - INFO - Successfully loaded task: task_logiqa_07
2026-04-08 03:09:05,492 - INFO - Successfully loaded task: task_logiqa_08
2026-04-08 03:09:05,493 - INFO - Successfully loaded task: task_logiqa_09
2026-04-08 03:09:05,494 - INFO - Successfully loaded task: task_longbench_00
2026-04-08 03:09:05,494 - INFO - Successfully loaded task: task_longbench_01
2026-04-08 03:09:05,495 - INFO - Successfully loaded task: task_longbench_02
2026-04-08 03:09:05,496 - INFO - Successfully loaded task: task_longbench_03
2026-04-08 03:09:05,497 - INFO - Successfully loaded task: task_longbench_04
2026-04-08 03:09:05,497 - INFO - Successfully loaded task: task_longbench_05
2026-04-08 03:09:05,498 - INFO - Successfully loaded task: task_longbench_06
2026-04-08 03:09:05,499 - INFO - Successfully loaded task: task_longbench_07
2026-04-08 03:09:05,500 - INFO - Successfully loaded task: task_longbench_08
2026-04-08 03:09:05,500 - INFO - Successfully loaded task: task_longbench_09
2026-04-08 03:09:05,501 - INFO - Successfully loaded task: task_medxpertqa_00
2026-04-08 03:09:05,502 - INFO - Successfully loaded task: task_medxpertqa_01
2026-04-08 03:09:05,503 - INFO - Successfully loaded task: task_medxpertqa_02
2026-04-08 03:09:05,504 - INFO - Successfully loaded task: task_medxpertqa_03
2026-04-08 03:09:05,504 - INFO - Successfully loaded task: task_medxpertqa_04
2026-04-08 03:09:05,505 - INFO - Successfully loaded task: task_medxpertqa_05
2026-04-08 03:09:05,506 - INFO - Successfully loaded task: task_medxpertqa_06
2026-04-08 03:09:05,506 - INFO - Successfully loaded task: task_medxpertqa_07
2026-04-08 03:09:05,507 - INFO - Successfully loaded task: task_medxpertqa_08
2026-04-08 03:09:05,508 - INFO - Successfully loaded task: task_medxpertqa_09
2026-04-08 03:09:05,509 - INFO - Successfully loaded task: task_medxpertqa_10
2026-04-08 03:09:05,509 - INFO - Successfully loaded task: task_medxpertqa_11
2026-04-08 03:09:05,510 - INFO - Successfully loaded task: task_medxpertqa_12
2026-04-08 03:09:05,511 - INFO - Successfully loaded task: task_medxpertqa_13
2026-04-08 03:09:05,512 - INFO - Successfully loaded task: task_medxpertqa_14
2026-04-08 03:09:05,512 - INFO - Successfully loaded task: task_medxpertqa_15
2026-04-08 03:09:05,518 - INFO - Successfully loaded task: task_openagentsafety_00
2026-04-08 03:09:05,519 - INFO - Successfully loaded task: task_openagentsafety_01
2026-04-08 03:09:05,520 - INFO - Successfully loaded task: task_openagentsafety_02
2026-04-08 03:09:05,526 - INFO - Successfully loaded task: task_openagentsafety_03
2026-04-08 03:09:05,528 - INFO - Successfully loaded task: task_openagentsafety_04
2026-04-08 03:09:05,531 - INFO - Successfully loaded task: task_openagentsafety_05
2026-04-08 03:09:05,533 - INFO - Successfully loaded task: task_osworld_00
2026-04-08 03:09:05,534 - INFO - Successfully loaded task: task_osworld_01
2026-04-08 03:09:05,536 - INFO - Successfully loaded task: task_osworld_02
2026-04-08 03:09:05,538 - INFO - Successfully loaded task: task_osworld_03
2026-04-08 03:09:05,539 - INFO - Successfully loaded task: task_osworld_04
2026-04-08 03:09:05,540 - INFO - Successfully loaded task: task_osworld_05
2026-04-08 03:09:05,542 - INFO - Successfully loaded task: task_osworld_06
2026-04-08 03:09:05,543 - INFO - Successfully loaded task: task_osworld_07
2026-04-08 03:09:05,545 - INFO - Successfully loaded task: task_osworld_08
2026-04-08 03:09:05,545 - INFO - Successfully loaded task: task_seal0_00
2026-04-08 03:09:05,546 - INFO - Successfully loaded task: task_seal0_01
2026-04-08 03:09:05,547 - INFO - Successfully loaded task: task_seal0_02
2026-04-08 03:09:05,548 - INFO - Successfully loaded task: task_seal0_03
2026-04-08 03:09:05,549 - INFO - Successfully loaded task: task_seal0_04
2026-04-08 03:09:05,550 - INFO - Successfully loaded task: task_seal0_05
2026-04-08 03:09:05,551 - INFO - Successfully loaded task: task_seal0_06
2026-04-08 03:09:05,552 - INFO - Successfully loaded task: task_seal0_07
2026-04-08 03:09:05,553 - INFO - Successfully loaded task: task_seal0_08
2026-04-08 03:09:05,554 - INFO - Successfully loaded task: task_seal0_09
2026-04-08 03:09:05,555 - INFO - Successfully loaded task: task_simpleqa_00
2026-04-08 03:09:05,556 - INFO - Successfully loaded task: task_simpleqa_01
2026-04-08 03:09:05,558 - INFO - Successfully loaded task: task_simpleqa_02
2026-04-08 03:09:05,559 - INFO - Successfully loaded task: task_simpleqa_03
2026-04-08 03:09:05,560 - INFO - Successfully loaded task: task_simpleqa_04
2026-04-08 03:09:05,561 - INFO - Successfully loaded task: task_simpleqa_05
2026-04-08 03:09:05,562 - INFO - Successfully loaded task: task_simpleqa_06
2026-04-08 03:09:05,563 - INFO - Successfully loaded task: task_simpleqa_07
2026-04-08 03:09:05,564 - INFO - Successfully loaded task: task_simpleqa_08
2026-04-08 03:09:05,565 - INFO - Successfully loaded task: task_simpleqa_09
2026-04-08 03:09:05,567 - INFO - Successfully loaded task: task_simplevqa_00
2026-04-08 03:09:05,568 - INFO - Successfully loaded task: task_simplevqa_01
2026-04-08 03:09:05,569 - INFO - Successfully loaded task: task_simplevqa_02
2026-04-08 03:09:05,570 - INFO - Successfully loaded task: task_simplevqa_03
2026-04-08 03:09:05,571 - INFO - Successfully loaded task: task_simplevqa_04
2026-04-08 03:09:05,572 - INFO - Successfully loaded task: task_simplevqa_05
2026-04-08 03:09:05,573 - INFO - Successfully loaded task: task_simplevqa_06
2026-04-08 03:09:05,574 - INFO - Successfully loaded task: task_simplevqa_07
2026-04-08 03:09:05,575 - INFO - Successfully loaded task: task_simplevqa_08
2026-04-08 03:09:05,576 - INFO - Successfully loaded task: task_simplevqa_09
2026-04-08 03:09:05,577 - INFO - Successfully loaded task: task_tablebench_00
2026-04-08 03:09:05,578 - INFO - Successfully loaded task: task_tablebench_01
2026-04-08 03:09:05,580 - INFO - Successfully loaded task: task_tablebench_02
2026-04-08 03:09:05,584 - INFO - Successfully loaded task: task_tablebench_03
2026-04-08 03:09:05,585 - INFO - Successfully loaded task: task_tablebench_04
2026-04-08 03:09:05,587 - INFO - Successfully loaded task: task_tablebench_05
2026-04-08 03:09:05,588 - INFO - Successfully loaded task: task_tablebench_06
2026-04-08 03:09:05,589 - INFO - Successfully loaded task: task_tablebench_07
2026-04-08 03:09:05,595 - INFO - Successfully loaded task: task_tablebench_08
2026-04-08 03:09:05,597 - INFO - Successfully loaded task: task_tablebench_09
2026-04-08 03:09:05,598 - INFO - Successfully loaded task: task_tablebench_10
2026-04-08 03:09:05,598 - INFO - Successfully loaded task: task_tablebench_11
2026-04-08 03:09:05,603 - INFO - Successfully loaded task: task_tablebench_12
2026-04-08 03:09:05,604 - INFO - Successfully loaded task: task_tablebench_13
2026-04-08 03:09:05,606 - INFO - Successfully loaded task: task_tablebench_14
2026-04-08 03:09:05,611 - INFO - Successfully loaded task: task_tablebench_15
2026-04-08 03:09:05,612 - INFO - Successfully loaded task: task_tablebench_16
2026-04-08 03:09:05,616 - INFO - Successfully loaded task: task_terminalbench2_00
2026-04-08 03:09:05,619 - INFO - Successfully loaded task: task_terminalbench2_01
2026-04-08 03:09:05,620 - INFO - Successfully loaded task: task_terminalbench2_02
2026-04-08 03:09:05,621 - INFO - Successfully loaded task: task_terminalbench2_03
2026-04-08 03:09:05,623 - INFO - Successfully loaded task: task_terminalbench2_04
2026-04-08 03:09:05,624 - INFO - Successfully loaded task: task_terminalbench2_05
2026-04-08 03:09:05,626 - INFO - Successfully loaded task: task_terminalbench2_06
2026-04-08 03:09:05,627 - INFO - Successfully loaded task: task_terminalbench2_07
2026-04-08 03:09:05,628 - INFO - Successfully loaded task: task_terminalbench2_08
2026-04-08 03:09:05,630 - INFO - Successfully loaded task: task_terminalbench2_09
2026-04-08 03:09:05,631 - INFO - Successfully loaded task: task_widesearch_00
2026-04-08 03:09:05,633 - INFO - Successfully loaded task: task_widesearch_01
2026-04-08 03:09:05,634 - INFO - Successfully loaded task: task_widesearch_02
2026-04-08 03:09:05,635 - INFO - Successfully loaded task: task_widesearch_03
2026-04-08 03:09:05,637 - INFO - Successfully loaded task: task_widesearch_04
2026-04-08 03:09:05,638 - INFO - Successfully loaded task: task_widesearch_05
2026-04-08 03:09:05,640 - INFO - Successfully loaded task: task_widesearch_06
2026-04-08 03:09:05,642 - INFO - Successfully loaded task: task_widesearch_07
2026-04-08 03:09:05,643 - INFO - Successfully loaded task: task_widesearch_08
2026-04-08 03:09:05,645 - INFO - Successfully loaded task: task_widesearch_09
2026-04-08 03:09:05,645 - INFO - Successfully loaded 208 tasks
2026-04-08 03:09:05,645 - INFO - Loaded 208 tasks
2026-04-08 03:09:05,645 - INFO - 
================================================================================
2026-04-08 03:09:05,645 - INFO - 📋 Task 1/208 (Run 1/1)
2026-04-08 03:09:05,645 - INFO - ================================================================================
2026-04-08 03:09:05,645 - INFO - 🤖 BaseModel [custom-api-shubiaobiao-cn/doubao-seed-2-0-pro-260215] starting task: task_advancedif_00
2026-04-08 03:09:15,928 - INFO - HTTP Request: POST https://api.shubiaobiao.cn/v1/chat/completions "HTTP/1.1 403 Forbidden"
2026-04-08 03:09:19,956 - INFO - Agent bench-judge-qwen3-vl-plus-for-doubao-seed-2-0-pro-260215 already exists with correct workspace
2026-04-08 03:09:19,957 - INFO - Removed 1 old OpenClaw session transcripts for bench-judge-qwen3-vl-plus-for-doubao-seed-2-0-pro-260215
2026-04-08 03:09:27,372 - INFO - Found transcript via sessions.json: 54f9f5f1-1420-47ce-ba86-06c372bf0206.jsonl (attempt 1)
2026-04-08 03:09:27,373 - INFO -    💾 Session backup saved: task_advancedif_00_run_35bc8e64-1.jsonl (3 entries, status=error)
2026-04-08 03:09:27,373 - INFO - ❌ Task task_advancedif_00: 0.0/1.0 (0%) - llm_judge
2026-04-08 03:09:27,373 - INFO -    Notes: No response was written to answer.txt — the tool call failed due to empty response. All requirements remain unmet: no story, no metaphors, no explanations, no highlighting. The agent did not produce a
2026-04-08 03:09:27,373 - INFO - 
================================================================================
2026-04-08 03:09:27,373 - INFO - 📋 Task 2/208 (Run 1/1)
2026-04-08 03:09:27,374 - INFO - ================================================================================
2026-04-08 03:09:27,374 - INFO - 🤖 BaseModel [custom-api-shubiaobiao-cn/doubao-seed-2-0-pro-260215] starting task: task_advancedif_01
2026-04-08 03:09:37,317 - INFO - HTTP Request: POST https://api.shubiaobiao.cn/v1/chat/completions "HTTP/1.1 403 Forbidden"
2026-04-08 03:09:49,025 - INFO - Agent bench-judge-qwen3-vl-plus-for-doubao-seed-2-0-pro-260215 already exists with correct workspace
2026-04-08 03:09:49,025 - INFO - Removed 1 old OpenClaw session transcripts for bench-judge-qwen3-vl-plus-for-doubao-seed-2-0-pro-260215
2026-04-08 03:12:49,091 - INFO - Found transcript via sessions.json: 5ce5c544-7371-48ce-aba1-6fdb364ec36a.jsonl (attempt 1)
2026-04-08 03:12:49,096 - WARNING - Failed to parse judge JSON response
2026-04-08 03:12:49,097 - INFO -    💾 Session backup saved: task_advancedif_01_run_35bc8e64-1.jsonl (3 entries, status=error)
2026-04-08 03:12:49,097 - INFO - ❌ Task task_advancedif_01: 0.0/1.0 (0%) - llm_judge
2026-04-08 03:12:49,097 - INFO - 
================================================================================
2026-04-08 03:12:49,097 - INFO - 📋 Task 3/208 (Run 1/1)
2026-04-08 03:12:49,097 - INFO - ================================================================================
2026-04-08 03:12:49,097 - INFO - 🤖 BaseModel [custom-api-shubiaobiao-cn/doubao-seed-2-0-pro-260215] starting task: task_advancedif_02
2026-04-08 03:12:54,417 - INFO - HTTP Request: POST https://api.shubiaobiao.cn/v1/chat/completions "HTTP/1.1 403 Forbidden"
2026-04-08 03:13:05,646 - INFO - Agent bench-judge-qwen3-vl-plus-for-doubao-seed-2-0-pro-260215 already exists with correct workspace
2026-04-08 03:13:05,646 - INFO - Removed 2 old OpenClaw session transcripts for bench-judge-qwen3-vl-plus-for-doubao-seed-2-0-pro-260215
2026-04-08 03:16:05,729 - INFO - Found transcript via sessions.json: 5ce5c544-7371-48ce-aba1-6fdb364ec36a.jsonl (attempt 1)
2026-04-08 03:16:05,732 - INFO -    💾 Session backup saved: task_advancedif_02_run_35bc8e64-1.jsonl (3 entries, status=error)
2026-04-08 03:16:05,732 - INFO - ✅ Task task_advancedif_02: 1.0/1.0 (100%) - llm_judge
2026-04-08 03:16:05,732 - INFO - 
================================================================================
2026-04-08 03:16:05,732 - INFO - 📋 Task 4/208 (Run 1/1)
2026-04-08 03:16:05,732 - INFO - ================================================================================
2026-04-08 03:16:05,732 - INFO - 🤖 BaseModel [custom-api-shubiaobiao-cn/doubao-seed-2-0-pro-260215] starting task: task_advancedif_03
2026-04-08 03:16:11,427 - INFO - HTTP Request: POST https://api.shubiaobiao.cn/v1/chat/completions "HTTP/1.1 403 Forbidden"
2026-04-08 03:16:18,985 - INFO - Agent bench-judge-qwen3-vl-plus-for-doubao-seed-2-0-pro-260215 already exists with correct workspace
2026-04-08 03:16:18,985 - INFO - Removed 2 old OpenClaw session transcripts for bench-judge-qwen3-vl-plus-for-doubao-seed-2-0-pro-260215
2026-04-08 03:16:33,368 - INFO - Found transcript via sessions.json: 1a9c4d73-3baa-4f73-8388-3d877830cc0c.jsonl (attempt 1)
2026-04-08 03:16:33,369 - INFO -    💾 Session backup saved: task_advancedif_03_run_35bc8e64-1.jsonl (3 entries, status=error)
2026-04-08 03:16:33,369 - INFO - ❌ Task task_advancedif_03: 0.0/1.0 (0%) - llm_judge
2026-04-08 03:16:33,369 - INFO -    Notes: The agent failed to produce any response content — it attempted to write an empty file and received a failure. No hobbies were listed, no costs provided, no ordering applied, and no output was generat
2026-04-08 03:16:33,369 - INFO - 
================================================================================
2026-04-08 03:16:33,369 - INFO - 📋 Task 5/208 (Run 1/1)
2026-04-08 03:16:33,369 - INFO - ================================================================================
2026-04-08 03:16:33,369 - INFO - 🤖 BaseModel [custom-api-shubiaobiao-cn/doubao-seed-2-0-pro-260215] starting task: task_advancedif_04
2026-04-08 03:16:36,081 - INFO - HTTP Request: POST https://api.shubiaobiao.cn/v1/chat/completions "HTTP/1.1 403 Forbidden"
2026-04-08 03:16:45,573 - INFO - Agent bench-judge-qwen3-vl-plus-for-doubao-seed-2-0-pro-260215 already exists with correct workspace
2026-04-08 03:16:45,574 - INFO - Removed 2 old OpenClaw session transcripts for bench-judge-qwen3-vl-plus-for-doubao-seed-2-0-pro-260215
2026-04-08 03:17:56,012 - INFO - Found transcript via sessions.json: ca0f5c84-abf4-4e41-930e-d490f7d96d63.jsonl (attempt 1)
2026-04-08 03:17:56,014 - INFO -    💾 Session backup saved: task_advancedif_04_run_35bc8e64-1.jsonl (3 entries, status=error)
2026-04-08 03:17:56,014 - INFO - ✅ Task task_advancedif_04: 1.0/1.0 (100%) - llm_judge
2026-04-08 03:17:56,014 - INFO -    Notes: All 7 requirements satisfied: step-by-step instructions from bath to blow-dry; specific shampoos/conditioners (SerotoninKC, whitening, pH-neutral) and other products (detangling sprays); tools listed 
2026-04-08 03:17:56,014 - INFO - 
================================================================================
2026-04-08 03:17:56,014 - INFO - 📋 Task 6/208 (Run 1/1)
2026-04-08 03:17:56,014 - INFO - ================================================================================
2026-04-08 03:17:56,014 - INFO - 🤖 BaseModel [custom-api-shubiaobiao-cn/doubao-seed-2-0-pro-260215] starting task: task_advancedif_05
2026-04-08 03:17:59,270 - INFO - HTTP Request: POST https://api.shubiaobiao.cn/v1/chat/completions "HTTP/1.1 403 Forbidden"
2026-04-08 03:18:11,591 - INFO - Agent bench-judge-qwen3-vl-plus-for-doubao-seed-2-0-pro-260215 already exists with correct workspace
2026-04-08 03:18:11,592 - INFO - Removed 1 old OpenClaw session transcripts for bench-judge-qwen3-vl-plus-for-doubao-seed-2-0-pro-260215
2026-04-08 03:18:58,129 - INFO - Found transcript via sessions.json: cce10726-7d26-4e37-9306-fe1fd499309c.jsonl (attempt 1)
2026-04-08 03:18:58,130 - INFO -    💾 Session backup saved: task_advancedif_05_run_35bc8e64-1.jsonl (3 entries, status=error)
2026-04-08 03:18:58,130 - INFO - ✅ Task task_advancedif_05: 1.0/1.0 (100%) - llm_judge
2026-04-08 03:18:58,130 - INFO -    Notes: All 7 requirements are fully satisfied: (1) template for in-depth birth chart report provided; (2) starts with Sun/Moon/Rising explanation; (3) includes planetary placements by house; (4) balances bir
2026-04-08 03:18:58,130 - INFO - 
================================================================================
2026-04-08 03:18:58,130 - INFO - 📋 Task 7/208 (Run 1/1)
2026-04-08 03:18:58,130 - INFO - ================================================================================
2026-04-08 03:18:58,130 - INFO - 🤖 BaseModel [custom-api-shubiaobiao-cn/doubao-seed-2-0-pro-260215] starting task: task_advancedif_06
2026-04-08 03:19:00,942 - INFO - HTTP Request: POST https://api.shubiaobiao.cn/v1/chat/completions "HTTP/1.1 403 Forbidden"
2026-04-08 03:19:05,173 - INFO - Agent bench-judge-qwen3-vl-plus-for-doubao-seed-2-0-pro-260215 already exists with correct workspace
2026-04-08 03:19:05,174 - INFO - Removed 1 old OpenClaw session transcripts for bench-judge-qwen3-vl-plus-for-doubao-seed-2-0-pro-260215
2026-04-08 03:20:04,056 - INFO - Found transcript via sessions.json: aa612444-1675-45eb-aebd-b273f8926576.jsonl (attempt 1)
2026-04-08 03:20:04,057 - INFO -    💾 Session backup saved: task_advancedif_06_run_35bc8e64-1.jsonl (3 entries, status=error)
2026-04-08 03:20:04,057 - INFO - ⚠️ Task task_advancedif_06: 0.8/1.0 (82%) - llm_judge
2026-04-08 03:20:04,057 - INFO -    Notes: The response is pleasant, has no emojis, uses exactly three sentences (third is a question), avoids bold, italicizes 'basil', and sidesteps bees politely—but it *mentions strawberries* in sentence 1, 
2026-04-08 03:20:04,057 - INFO - 
================================================================================
2026-04-08 03:20:04,057 - INFO - 📋 Task 8/208 (Run 1/1)
2026-04-08 03:20:04,057 - INFO - ================================================================================
2026-04-08 03:20:04,057 - INFO - 🤖 BaseModel [custom-api-shubiaobiao-cn/doubao-seed-2-0-pro-260215] starting task: task_advancedif_07
2026-04-08 03:20:07,004 - INFO - HTTP Request: POST https://api.shubiaobiao.cn/v1/chat/completions "HTTP/1.1 403 Forbidden"
2026-04-08 03:20:11,358 - INFO - Agent bench-judge-qwen3-vl-plus-for-doubao-seed-2-0-pro-260215 already exists with correct workspace
2026-04-08 03:20:11,359 - INFO - Removed 1 old OpenClaw session transcripts for bench-judge-qwen3-vl-plus-for-doubao-seed-2-0-pro-260215
2026-04-08 03:22:32,783 - INFO - Found transcript via sessions.json: 5d5c09bd-adba-4e7e-9fcf-a7e0743bcad6.jsonl (attempt 1)
2026-04-08 03:22:32,784 - INFO -    💾 Session backup saved: task_advancedif_07_run_35bc8e64-1.jsonl (3 entries, status=error)
2026-04-08 03:22:32,784 - INFO - ✅ Task task_advancedif_07: 1.0/1.0 (100%) - llm_judge
2026-04-08 03:22:32,784 - INFO -    Notes: All 8 requirements were fully satisfied: attractions within 1 hour of Chiang Mai, both transport routes in JSON format with timing, professional/enthusiastic tone, word count appropriate, 5 must-see a
2026-04-08 03:22:32,784 - INFO - 
================================================================================
2026-04-08 03:22:32,784 - INFO - 📋 Task 9/208 (Run 1/1)
2026-04-08 03:22:32,784 - INFO - ================================================================================
2026-04-08 03:22:32,784 - INFO - 🤖 BaseModel [custom-api-shubiaobiao-cn/doubao-seed-2-0-pro-260215] starting task: task_advancedif_08
2026-04-08 03:22:36,702 - INFO - HTTP Request: POST https://api.shubiaobiao.cn/v1/chat/completions "HTTP/1.1 403 Forbidden"
2026-04-08 03:22:40,804 - INFO - Agent bench-judge-qwen3-vl-plus-for-doubao-seed-2-0-pro-260215 already exists with correct workspace
2026-04-08 03:22:40,804 - INFO - Removed 1 old OpenClaw session transcripts for bench-judge-qwen3-vl-plus-for-doubao-seed-2-0-pro-260215
2026-04-08 03:24:28,149 - INFO - Found transcript via sessions.json: bb3a1086-ba5f-44a1-850e-05e97bdc8785.jsonl (attempt 1)
2026-04-08 03:24:28,150 - INFO -    💾 Session backup saved: task_advancedif_08_run_35bc8e64-1.jsonl (3 entries, status=error)
2026-04-08 03:24:28,150 - INFO - ✅ Task task_advancedif_08: 1.0/1.0 (100%) - llm_judge
2026-04-08 03:24:28,150 - INFO -    Notes: All 7 requirements fully satisfied: response is exclusively about Cowboy Bebop; includes 6 character sections with movie/TV design references and paragraph-length summaries; includes 4 music reference
2026-04-08 03:24:28,150 - INFO - 
================================================================================
2026-04-08 03:24:28,150 - INFO - 📋 Task 10/208 (Run 1/1)
2026-04-08 03:24:28,150 - INFO - ================================================================================
2026-04-08 03:24:28,150 - INFO - 🤖 BaseModel [custom-api-shubiaobiao-cn/doubao-seed-2-0-pro-260215] starting task: task_advancedif_09
2026-04-08 03:24:32,110 - INFO - HTTP Request: POST https://api.shubiaobiao.cn/v1/chat/completions "HTTP/1.1 403 Forbidden"
2026-04-08 03:24:38,719 - INFO - Agent bench-judge-qwen3-vl-plus-for-doubao-seed-2-0-pro-260215 already exists with correct workspace
2026-04-08 03:24:38,720 - INFO - Removed 1 old OpenClaw session transcripts for bench-judge-qwen3-vl-plus-for-doubao-seed-2-0-pro-260215
2026-04-08 03:25:20,960 - INFO - Found transcript via sessions.json: 38b499a0-214e-46d1-98b5-aa49be19f97b.jsonl (attempt 1)
2026-04-08 03:25:20,960 - INFO -    💾 Session backup saved: task_advancedif_09_run_35bc8e64-1.jsonl (3 entries, status=error)
2026-04-08 03:25:20,961 - INFO - ✅ Task task_advancedif_09: 1.0/1.0 (100%) - llm_judge
2026-04-08 03:25:20,961 - INFO -    Notes: All 8 requirements satisfied: (1) persona of anarchist toad teacher (Grampa Toad), (2) short story illustrating core principles via toad society without naming the ideology, (3) zero use of 'anarchy' 
2026-04-08 03:25:20,961 - INFO - 
================================================================================
2026-04-08 03:25:20,961 - INFO - 📋 Task 11/208 (Run 1/1)
2026-04-08 03:25:20,961 - INFO - ================================================================================
2026-04-08 03:25:20,961 - INFO - 🤖 BaseModel [custom-api-shubiaobiao-cn/doubao-seed-2-0-pro-260215] starting task: task_bamboogle_00
2026-04-08 03:25:27,964 - INFO - HTTP Request: POST https://api.shubiaobiao.cn/v1/chat/completions "HTTP/1.1 403 Forbidden"
2026-04-08 03:25:27,965 - INFO -    💾 Session backup saved: task_bamboogle_00_run_35bc8e64-1.jsonl (3 entries, status=error)
2026-04-08 03:25:27,966 - INFO - ❌ Task task_bamboogle_00: 0.0/1.0 (0%) - automated
2026-04-08 03:25:27,966 - INFO - 
================================================================================
2026-04-08 03:25:27,966 - INFO - 📋 Task 12/208 (Run 1/1)
2026-04-08 03:25:27,966 - INFO - ================================================================================
2026-04-08 03:25:27,966 - INFO - 🤖 BaseModel [custom-api-shubiaobiao-cn/doubao-seed-2-0-pro-260215] starting task: task_bamboogle_01
2026-04-08 03:25:30,637 - INFO - HTTP Request: POST https://api.shubiaobiao.cn/v1/chat/completions "HTTP/1.1 403 Forbidden"
2026-04-08 03:25:30,638 - INFO -    💾 Session backup saved: task_bamboogle_01_run_35bc8e64-1.jsonl (3 entries, status=error)
2026-04-08 03:25:30,638 - INFO - ❌ Task task_bamboogle_01: 0.0/1.0 (0%) - automated
2026-04-08 03:25:30,638 - INFO - 
================================================================================
2026-04-08 03:25:30,638 - INFO - 📋 Task 13/208 (Run 1/1)
2026-04-08 03:25:30,638 - INFO - ================================================================================
2026-04-08 03:25:30,638 - INFO - 🤖 BaseModel [custom-api-shubiaobiao-cn/doubao-seed-2-0-pro-260215] starting task: task_bamboogle_02
2026-04-08 03:25:37,320 - INFO - HTTP Request: POST https://api.shubiaobiao.cn/v1/chat/completions "HTTP/1.1 403 Forbidden"
2026-04-08 03:25:37,321 - INFO -    💾 Session backup saved: task_bamboogle_02_run_35bc8e64-1.jsonl (3 entries, status=error)
2026-04-08 03:25:37,321 - INFO - ❌ Task task_bamboogle_02: 0.0/1.0 (0%) - automated
2026-04-08 03:25:37,321 - INFO - 
================================================================================
2026-04-08 03:25:37,321 - INFO - 📋 Task 14/208 (Run 1/1)
2026-04-08 03:25:37,321 - INFO - ================================================================================
2026-04-08 03:25:37,321 - INFO - 🤖 BaseModel [custom-api-shubiaobiao-cn/doubao-seed-2-0-pro-260215] starting task: task_bamboogle_03
2026-04-08 03:25:40,310 - INFO - HTTP Request: POST https://api.shubiaobiao.cn/v1/chat/completions "HTTP/1.1 403 Forbidden"
2026-04-08 03:25:40,311 - INFO -    💾 Session backup saved: task_bamboogle_03_run_35bc8e64-1.jsonl (3 entries, status=error)
2026-04-08 03:25:40,311 - INFO - ❌ Task task_bamboogle_03: 0.0/1.0 (0%) - automated
2026-04-08 03:25:40,311 - INFO - 
================================================================================
2026-04-08 03:25:40,311 - INFO - 📋 Task 15/208 (Run 1/1)
2026-04-08 03:25:40,311 - INFO - ================================================================================
2026-04-08 03:25:40,311 - INFO - 🤖 BaseModel [custom-api-shubiaobiao-cn/doubao-seed-2-0-pro-260215] starting task: task_bamboogle_04
2026-04-08 03:25:46,839 - INFO - HTTP Request: POST https://api.shubiaobiao.cn/v1/chat/completions "HTTP/1.1 403 Forbidden"
2026-04-08 03:25:46,840 - INFO -    💾 Session backup saved: task_bamboogle_04_run_35bc8e64-1.jsonl (3 entries, status=error)
2026-04-08 03:25:46,840 - INFO - ❌ Task task_bamboogle_04: 0.0/1.0 (0%) - automated
2026-04-08 03:25:46,840 - INFO - 
================================================================================
2026-04-08 03:25:46,840 - INFO - 📋 Task 16/208 (Run 1/1)
2026-04-08 03:25:46,840 - INFO - ================================================================================
2026-04-08 03:25:46,841 - INFO - 🤖 BaseModel [custom-api-shubiaobiao-cn/doubao-seed-2-0-pro-260215] starting task: task_bamboogle_05
2026-04-08 03:25:49,544 - INFO - HTTP Request: POST https://api.shubiaobiao.cn/v1/chat/completions "HTTP/1.1 403 Forbidden"
2026-04-08 03:25:49,546 - INFO -    💾 Session backup saved: task_bamboogle_05_run_35bc8e64-1.jsonl (3 entries, status=error)
2026-04-08 03:25:49,546 - INFO - ❌ Task task_bamboogle_05: 0.0/1.0 (0%) - automated
2026-04-08 03:25:49,546 - INFO - 
================================================================================
2026-04-08 03:25:49,546 - INFO - 📋 Task 17/208 (Run 1/1)
2026-04-08 03:25:49,546 - INFO - ================================================================================
2026-04-08 03:25:49,546 - INFO - 🤖 BaseModel [custom-api-shubiaobiao-cn/doubao-seed-2-0-pro-260215] starting task: task_bamboogle_06
2026-04-08 03:25:57,014 - INFO - HTTP Request: POST https://api.shubiaobiao.cn/v1/chat/completions "HTTP/1.1 403 Forbidden"
2026-04-08 03:25:57,015 - INFO -    💾 Session backup saved: task_bamboogle_06_run_35bc8e64-1.jsonl (3 entries, status=error)
2026-04-08 03:25:57,015 - INFO - ❌ Task task_bamboogle_06: 0.0/1.0 (0%) - automated
2026-04-08 03:25:57,016 - INFO - 
================================================================================
2026-04-08 03:25:57,016 - INFO - 📋 Task 18/208 (Run 1/1)
2026-04-08 03:25:57,016 - INFO - ================================================================================
2026-04-08 03:25:57,016 - INFO - 🤖 BaseModel [custom-api-shubiaobiao-cn/doubao-seed-2-0-pro-260215] starting task: task_bamboogle_07
2026-04-08 03:26:00,152 - INFO - HTTP Request: POST https://api.shubiaobiao.cn/v1/chat/completions "HTTP/1.1 403 Forbidden"
2026-04-08 03:26:00,154 - INFO -    💾 Session backup saved: task_bamboogle_07_run_35bc8e64-1.jsonl (3 entries, status=error)
2026-04-08 03:26:00,154 - INFO - ❌ Task task_bamboogle_07: 0.0/1.0 (0%) - automated
2026-04-08 03:26:00,154 - INFO - 
================================================================================
2026-04-08 03:26:00,154 - INFO - 📋 Task 19/208 (Run 1/1)
2026-04-08 03:26:00,154 - INFO - ================================================================================
2026-04-08 03:26:00,155 - INFO - 🤖 BaseModel [custom-api-shubiaobiao-cn/doubao-seed-2-0-pro-260215] starting task: task_bamboogle_08
2026-04-08 03:26:03,387 - INFO - HTTP Request: POST https://api.shubiaobiao.cn/v1/chat/completions "HTTP/1.1 403 Forbidden"
2026-04-08 03:26:03,389 - INFO -    💾 Session backup saved: task_bamboogle_08_run_35bc8e64-1.jsonl (3 entries, status=error)
2026-04-08 03:26:03,389 - INFO - ❌ Task task_bamboogle_08: 0.0/1.0 (0%) - automated
2026-04-08 03:26:03,389 - INFO - 
================================================================================
2026-04-08 03:26:03,389 - INFO - 📋 Task 20/208 (Run 1/1)
2026-04-08 03:26:03,389 - INFO - ================================================================================
2026-04-08 03:26:03,389 - INFO - 🤖 BaseModel [custom-api-shubiaobiao-cn/doubao-seed-2-0-pro-260215] starting task: task_bamboogle_09
2026-04-08 03:26:05,989 - INFO - HTTP Request: POST https://api.shubiaobiao.cn/v1/chat/completions "HTTP/1.1 403 Forbidden"
2026-04-08 03:26:05,990 - INFO -    💾 Session backup saved: task_bamboogle_09_run_35bc8e64-1.jsonl (3 entries, status=error)
2026-04-08 03:26:05,990 - INFO - ❌ Task task_bamboogle_09: 0.0/1.0 (0%) - automated
2026-04-08 03:26:05,990 - INFO - 
================================================================================
2026-04-08 03:26:05,990 - INFO - 📋 Task 21/208 (Run 1/1)
2026-04-08 03:26:05,991 - INFO - ================================================================================
2026-04-08 03:26:05,991 - INFO - 🤖 BaseModel [custom-api-shubiaobiao-cn/doubao-seed-2-0-pro-260215] starting task: task_charxiv_00
2026-04-08 03:26:10,251 - INFO - HTTP Request: POST https://api.shubiaobiao.cn/v1/chat/completions "HTTP/1.1 403 Forbidden"
2026-04-08 03:26:14,319 - INFO - Agent bench-judge-qwen3-vl-plus-for-doubao-seed-2-0-pro-260215 already exists with correct workspace
2026-04-08 03:26:14,320 - INFO - Removed 1 old OpenClaw session transcripts for bench-judge-qwen3-vl-plus-for-doubao-seed-2-0-pro-260215
2026-04-08 03:26:21,561 - INFO - Found transcript via sessions.json: a1642f52-0974-408e-8334-7fb541d3b125.jsonl (attempt 1)
2026-04-08 03:26:21,562 - INFO -    💾 Session backup saved: task_charxiv_00_run_35bc8e64-1.jsonl (3 entries, status=error)
2026-04-08 03:26:21,562 - INFO - ❌ Task task_charxiv_00: 0.0/1.0 (0%) - llm_judge
2026-04-08 03:26:21,562 - INFO -    Notes: The agent failed to produce any answer in answer.txt, resulting in an empty response and no evaluation of the chart. The expected answer is 'Joint-CNN', but no answer was provided.
2026-04-08 03:26:21,562 - INFO - 
================================================================================
2026-04-08 03:26:21,562 - INFO - 📋 Task 22/208 (Run 1/1)
2026-04-08 03:26:21,562 - INFO - ================================================================================
2026-04-08 03:26:21,562 - INFO - 🤖 BaseModel [custom-api-shubiaobiao-cn/doubao-seed-2-0-pro-260215] starting task: task_charxiv_01
2026-04-08 03:26:25,599 - INFO - HTTP Request: POST https://api.shubiaobiao.cn/v1/chat/completions "HTTP/1.1 403 Forbidden"
2026-04-08 03:26:33,097 - INFO - Agent bench-judge-qwen3-vl-plus-for-doubao-seed-2-0-pro-260215 already exists with correct workspace
2026-04-08 03:26:33,097 - INFO - Removed 1 old OpenClaw session transcripts for bench-judge-qwen3-vl-plus-for-doubao-seed-2-0-pro-260215
2026-04-08 03:26:37,436 - INFO - Found transcript via sessions.json: 98bf5549-9822-4f06-9587-1765f2cf63d3.jsonl (attempt 1)
2026-04-08 03:26:37,436 - INFO -    💾 Session backup saved: task_charxiv_01_run_35bc8e64-1.jsonl (3 entries, status=error)
2026-04-08 03:26:37,436 - INFO - ❌ Task task_charxiv_01: 0.0/1.0 (0%) - llm_judge
2026-04-08 03:26:37,436 - INFO -    Notes: The agent failed to produce any answer in answer.txt, resulting in an empty response error. The expected answer is 'lambda_L = 0.13', but no answer was provided.
2026-04-08 03:26:37,436 - INFO - 
================================================================================
2026-04-08 03:26:37,436 - INFO - 📋 Task 23/208 (Run 1/1)
2026-04-08 03:26:37,436 - INFO - ================================================================================
2026-04-08 03:26:37,436 - INFO - 🤖 BaseModel [custom-api-shubiaobiao-cn/doubao-seed-2-0-pro-260215] starting task: task_charxiv_02
2026-04-08 03:26:44,364 - INFO - HTTP Request: POST https://api.shubiaobiao.cn/v1/chat/completions "HTTP/1.1 403 Forbidden"
2026-04-08 03:26:51,231 - INFO - Agent bench-judge-qwen3-vl-plus-for-doubao-seed-2-0-pro-260215 already exists with correct workspace
2026-04-08 03:26:51,231 - INFO - Removed 1 old OpenClaw session transcripts for bench-judge-qwen3-vl-plus-for-doubao-seed-2-0-pro-260215
2026-04-08 03:26:56,929 - INFO - Found transcript via sessions.json: fdc74c0c-df18-4c69-9d2e-11177600b275.jsonl (attempt 1)
2026-04-08 03:26:56,929 - INFO -    💾 Session backup saved: task_charxiv_02_run_35bc8e64-1.jsonl (3 entries, status=error)
2026-04-08 03:26:56,929 - INFO - ❌ Task task_charxiv_02: 0.0/1.0 (0%) - llm_judge
2026-04-08 03:26:56,930 - INFO -    Notes: The agent failed to produce any answer, leaving answer.txt empty. The expected answer is '(b) OPT', but no response was generated.
2026-04-08 03:26:56,930 - INFO - 
================================================================================
2026-04-08 03:26:56,930 - INFO - 📋 Task 24/208 (Run 1/1)
2026-04-08 03:26:56,930 - INFO - ================================================================================
2026-04-08 03:26:56,930 - INFO - 🤖 BaseModel [custom-api-shubiaobiao-cn/doubao-seed-2-0-pro-260215] starting task: task_charxiv_03
2026-04-08 03:27:02,914 - INFO - HTTP Request: POST https://api.shubiaobiao.cn/v1/chat/completions "HTTP/1.1 403 Forbidden"
2026-04-08 03:27:06,914 - INFO - Agent bench-judge-qwen3-vl-plus-for-doubao-seed-2-0-pro-260215 already exists with correct workspace
2026-04-08 03:27:06,914 - INFO - Removed 1 old OpenClaw session transcripts for bench-judge-qwen3-vl-plus-for-doubao-seed-2-0-pro-260215
2026-04-08 03:27:12,092 - INFO - Found transcript via sessions.json: 7003a140-d847-43a2-89a5-0839d5cd41e2.jsonl (attempt 1)
2026-04-08 03:27:12,092 - INFO -    💾 Session backup saved: task_charxiv_03_run_35bc8e64-1.jsonl (3 entries, status=error)
2026-04-08 03:27:12,092 - INFO - ❌ Task task_charxiv_03: 0.0/1.0 (0%) - llm_judge
2026-04-08 03:27:12,093 - INFO -    Notes: The agent failed to produce any answer; it attempted to write an empty file and did not analyze the chart or provide a response. The expected answer is '(c)', but no answer was given.
2026-04-08 03:27:12,093 - INFO - 
================================================================================
2026-04-08 03:27:12,093 - INFO - 📋 Task 25/208 (Run 1/1)
2026-04-08 03:27:12,093 - INFO - ================================================================================
2026-04-08 03:27:12,093 - INFO - 🤖 BaseModel [custom-api-shubiaobiao-cn/doubao-seed-2-0-pro-260215] starting task: task_charxiv_04
2026-04-08 03:27:17,640 - INFO - HTTP Request: POST https://api.shubiaobiao.cn/v1/chat/completions "HTTP/1.1 403 Forbidden"
2026-04-08 03:27:21,792 - INFO - Agent bench-judge-qwen3-vl-plus-for-doubao-seed-2-0-pro-260215 already exists with correct workspace
2026-04-08 03:27:21,792 - INFO - Removed 1 old OpenClaw session transcripts for bench-judge-qwen3-vl-plus-for-doubao-seed-2-0-pro-260215
2026-04-08 03:27:28,271 - INFO - Found transcript via sessions.json: 27623001-6df2-499c-884d-69951fa1cad8.jsonl (attempt 1)
2026-04-08 03:27:28,272 - INFO -    💾 Session backup saved: task_charxiv_04_run_35bc8e64-1.jsonl (3 entries, status=error)
2026-04-08 03:27:28,272 - INFO - ❌ Task task_charxiv_04: 0.0/1.0 (0%) - llm_judge
2026-04-08 03:27:28,272 - INFO -    Notes: The agent failed to produce any answer in answer.txt, resulting in an empty response and no attempt to analyze the chart or identify the city. The expected answer is 'Kansas City', but no answer was p
2026-04-08 03:27:28,272 - INFO - 
================================================================================
2026-04-08 03:27:28,272 - INFO - 📋 Task 26/208 (Run 1/1)
2026-04-08 03:27:28,272 - INFO - ================================================================================
2026-04-08 03:27:28,272 - INFO - 🤖 BaseModel [custom-api-shubiaobiao-cn/doubao-seed-2-0-pro-260215] starting task: task_charxiv_05
2026-04-08 03:27:32,061 - INFO - HTTP Request: POST https://api.shubiaobiao.cn/v1/chat/completions "HTTP/1.1 403 Forbidden"
2026-04-08 03:27:45,243 - INFO - Agent bench-judge-qwen3-vl-plus-for-doubao-seed-2-0-pro-260215 already exists with correct workspace
2026-04-08 03:27:45,243 - INFO - Removed 1 old OpenClaw session transcripts for bench-judge-qwen3-vl-plus-for-doubao-seed-2-0-pro-260215
2026-04-08 03:28:45,969 - INFO - Found transcript via sessions.json: 69aeedcc-80c3-43c4-b920-c1c0aa1ee961.jsonl (attempt 1)
2026-04-08 03:28:45,969 - INFO -    💾 Session backup saved: task_charxiv_05_run_35bc8e64-1.jsonl (3 entries, status=error)
2026-04-08 03:28:45,970 - INFO - ❌ Task task_charxiv_05: 0.0/1.0 (0%) - llm_judge
2026-04-08 03:28:45,970 - INFO -    Notes: The agent failed to produce any answer, resulting in an empty write attempt to answer.txt. The correct answer should have been 'JeVois (408MHz)' based on the chart.
2026-04-08 03:28:45,970 - INFO - 
================================================================================
2026-04-08 03:28:45,970 - INFO - 📋 Task 27/208 (Run 1/1)
2026-04-08 03:28:45,970 - INFO - ================================================================================
2026-04-08 03:28:45,970 - INFO - 🤖 BaseModel [custom-api-shubiaobiao-cn/doubao-seed-2-0-pro-260215] starting task: task_charxiv_06
2026-04-08 03:28:56,827 - INFO - HTTP Request: POST https://api.shubiaobiao.cn/v1/chat/completions "HTTP/1.1 403 Forbidden"
2026-04-08 03:29:00,950 - INFO - Agent bench-judge-qwen3-vl-plus-for-doubao-seed-2-0-pro-260215 already exists with correct workspace
2026-04-08 03:29:00,951 - INFO - Removed 1 old OpenClaw session transcripts for bench-judge-qwen3-vl-plus-for-doubao-seed-2-0-pro-260215
2026-04-08 03:29:23,931 - INFO - Found transcript via sessions.json: e9ab0084-b3aa-441a-a0d6-527e04ef74d4.jsonl (attempt 1)
2026-04-08 03:29:23,931 - INFO -    💾 Session backup saved: task_charxiv_06_run_35bc8e64-1.jsonl (3 entries, status=error)
2026-04-08 03:29:23,931 - INFO - ❌ Task task_charxiv_06: 0.0/1.0 (0%) - llm_judge
2026-04-08 03:29:23,931 - INFO -    Notes: The agent failed to produce any answer in answer.txt, resulting in an empty response and no evaluation of the chart. The expected answer is 'Accelerated DAT', but no answer was provided.
2026-04-08 03:29:23,931 - INFO - 
================================================================================
2026-04-08 03:29:23,931 - INFO - 📋 Task 28/208 (Run 1/1)
2026-04-08 03:29:23,931 - INFO - ================================================================================
2026-04-08 03:29:23,931 - INFO - 🤖 BaseModel [custom-api-shubiaobiao-cn/doubao-seed-2-0-pro-260215] starting task: task_charxiv_07
2026-04-08 03:29:27,457 - INFO - HTTP Request: POST https://api.shubiaobiao.cn/v1/chat/completions "HTTP/1.1 403 Forbidden"
2026-04-08 03:29:37,181 - INFO - Agent bench-judge-qwen3-vl-plus-for-doubao-seed-2-0-pro-260215 already exists with correct workspace
2026-04-08 03:29:37,182 - INFO - Removed 1 old OpenClaw session transcripts for bench-judge-qwen3-vl-plus-for-doubao-seed-2-0-pro-260215
2026-04-08 03:29:56,377 - INFO - Found transcript via sessions.json: 302f27b6-1994-4a41-9a21-98cf066efe4b.jsonl (attempt 1)
2026-04-08 03:29:56,378 - INFO -    💾 Session backup saved: task_charxiv_07_run_35bc8e64-1.jsonl (3 entries, status=error)
2026-04-08 03:29:56,378 - INFO - ❌ Task task_charxiv_07: 0.0/1.0 (0%) - llm_judge
2026-04-08 03:29:56,378 - INFO -    Notes: The agent failed to produce any answer, resulting in an empty write attempt to answer.txt. The correct answer should be 'ROUND-ROBIN-COMBO' per the reference.
2026-04-08 03:29:56,378 - INFO - 
================================================================================
2026-04-08 03:29:56,378 - INFO - 📋 Task 29/208 (Run 1/1)
2026-04-08 03:29:56,378 - INFO - ================================================================================
2026-04-08 03:29:56,378 - INFO - 🤖 BaseModel [custom-api-shubiaobiao-cn/doubao-seed-2-0-pro-260215] starting task: task_charxiv_08
2026-04-08 03:29:59,910 - INFO - HTTP Request: POST https://api.shubiaobiao.cn/v1/chat/completions "HTTP/1.1 403 Forbidden"
2026-04-08 03:30:04,280 - INFO - Agent bench-judge-qwen3-vl-plus-for-doubao-seed-2-0-pro-260215 already exists with correct workspace
2026-04-08 03:30:04,281 - INFO - Removed 1 old OpenClaw session transcripts for bench-judge-qwen3-vl-plus-for-doubao-seed-2-0-pro-260215
2026-04-08 03:30:11,854 - INFO - Found transcript via sessions.json: 185e8970-80f1-4ea5-b551-bd4c9371885c.jsonl (attempt 1)
2026-04-08 03:30:11,855 - INFO -    💾 Session backup saved: task_charxiv_08_run_35bc8e64-1.jsonl (3 entries, status=error)
2026-04-08 03:30:11,855 - INFO - ❌ Task task_charxiv_08: 0.0/1.0 (0%) - llm_judge
2026-04-08 03:30:11,855 - INFO -    Notes: The agent failed to produce any answer in answer.txt, resulting in an empty response error. The correct answer should have been '94' based on the chart analysis.
2026-04-08 03:30:11,855 - INFO - 
================================================================================
2026-04-08 03:30:11,855 - INFO - 📋 Task 30/208 (Run 1/1)
2026-04-08 03:30:11,855 - INFO - ================================================================================
2026-04-08 03:30:11,855 - INFO - 🤖 BaseModel [custom-api-shubiaobiao-cn/doubao-seed-2-0-pro-260215] starting task: task_charxiv_09
2026-04-08 03:30:16,058 - INFO - HTTP Request: POST https://api.shubiaobiao.cn/v1/chat/completions "HTTP/1.1 403 Forbidden"
2026-04-08 03:30:31,679 - INFO - Agent bench-judge-qwen3-vl-plus-for-doubao-seed-2-0-pro-260215 already exists with correct workspace
2026-04-08 03:30:31,679 - INFO - Removed 1 old OpenClaw session transcripts for bench-judge-qwen3-vl-plus-for-doubao-seed-2-0-pro-260215
2026-04-08 03:30:44,410 - INFO - Found transcript via sessions.json: cd9bbc97-bc0d-4425-9d01-74bccc4762d5.jsonl (attempt 1)
2026-04-08 03:30:44,414 - INFO -    💾 Session backup saved: task_charxiv_09_run_35bc8e64-1.jsonl (3 entries, status=error)
2026-04-08 03:30:44,414 - INFO - ❌ Task task_charxiv_09: 0.0/1.0 (0%) - llm_judge
2026-04-08 03:30:44,414 - INFO -    Notes: The agent failed to produce any answer in answer.txt, resulting in an empty file and no response to the question. The expected answer is 3, but no answer was provided.
2026-04-08 03:30:44,414 - INFO - 
================================================================================
2026-04-08 03:30:44,415 - INFO - 📋 Task 31/208 (Run 1/1)
2026-04-08 03:30:44,415 - INFO - ================================================================================
2026-04-08 03:30:44,415 - INFO - 🤖 BaseModel [custom-api-shubiaobiao-cn/doubao-seed-2-0-pro-260215] starting task: task_deepsearchqa_00
2026-04-08 03:30:48,299 - INFO - HTTP Request: POST https://api.shubiaobiao.cn/v1/chat/completions "HTTP/1.1 403 Forbidden"
2026-04-08 03:30:56,193 - INFO - Agent bench-judge-qwen3-vl-plus-for-doubao-seed-2-0-pro-260215 already exists with correct workspace
2026-04-08 03:30:56,193 - INFO - Removed 1 old OpenClaw session transcripts for bench-judge-qwen3-vl-plus-for-doubao-seed-2-0-pro-260215
2026-04-08 03:31:06,230 - INFO - Found transcript via sessions.json: e1aa9deb-847c-42e9-907d-3a9445b727a2.jsonl (attempt 1)
2026-04-08 03:31:06,231 - INFO -    💾 Session backup saved: task_deepsearchqa_00_run_35bc8e64-1.jsonl (3 entries, status=error)
2026-04-08 03:31:06,231 - INFO - ❌ Task task_deepsearchqa_00: 0.0/1.0 (0%) - llm_judge
2026-04-08 03:31:06,231 - INFO -    Notes: The agent failed to produce any answer in 'answer.txt' — it wrote an empty string and received a failure. No attempt was made to search for EPA data, analyze years, or verify the condition across all 
2026-04-08 03:31:06,231 - INFO - 
================================================================================
2026-04-08 03:31:06,231 - INFO - 📋 Task 32/208 (Run 1/1)
2026-04-08 03:31:06,231 - INFO - ================================================================================
2026-04-08 03:31:06,231 - INFO - 🤖 BaseModel [custom-api-shubiaobiao-cn/doubao-seed-2-0-pro-260215] starting task: task_deepsearchqa_01
2026-04-08 03:31:10,006 - INFO - HTTP Request: POST https://api.shubiaobiao.cn/v1/chat/completions "HTTP/1.1 403 Forbidden"
2026-04-08 03:31:16,353 - INFO - Agent bench-judge-qwen3-vl-plus-for-doubao-seed-2-0-pro-260215 already exists with correct workspace
2026-04-08 03:31:16,354 - INFO - Removed 1 old OpenClaw session transcripts for bench-judge-qwen3-vl-plus-for-doubao-seed-2-0-pro-260215
2026-04-08 03:31:22,593 - INFO - Found transcript via sessions.json: 6528a931-5c43-40ca-8f61-bd87b9fa0c25.jsonl (attempt 1)
2026-04-08 03:31:22,593 - INFO -    💾 Session backup saved: task_deepsearchqa_01_run_35bc8e64-1.jsonl (3 entries, status=error)
2026-04-08 03:31:22,594 - INFO - ❌ Task task_deepsearchqa_01: 0.0/1.0 (0%) - llm_judge
2026-04-08 03:31:22,594 - INFO -    Notes: The agent failed to produce any answer content and attempted to write an empty file, violating the instruction to output only the country name (expected: 'Chile'). No tool usage or reasoning was perfo
2026-04-08 03:31:22,594 - INFO - 
================================================================================
2026-04-08 03:31:22,594 - INFO - 📋 Task 33/208 (Run 1/1)
2026-04-08 03:31:22,594 - INFO - ================================================================================
2026-04-08 03:31:22,594 - INFO - 🤖 BaseModel [custom-api-shubiaobiao-cn/doubao-seed-2-0-pro-260215] starting task: task_deepsearchqa_02
2026-04-08 03:31:31,502 - INFO - HTTP Request: POST https://api.shubiaobiao.cn/v1/chat/completions "HTTP/1.1 403 Forbidden"
2026-04-08 03:31:38,162 - INFO - Agent bench-judge-qwen3-vl-plus-for-doubao-seed-2-0-pro-260215 already exists with correct workspace
2026-04-08 03:31:38,163 - INFO - Removed 1 old OpenClaw session transcripts for bench-judge-qwen3-vl-plus-for-doubao-seed-2-0-pro-260215
2026-04-08 03:31:45,677 - INFO - Found transcript via sessions.json: 1b5ddc09-a2c5-443f-a8b8-cb299e68068a.jsonl (attempt 1)
2026-04-08 03:31:45,678 - INFO -    💾 Session backup saved: task_deepsearchqa_02_run_35bc8e64-1.jsonl (3 entries, status=error)
2026-04-08 03:31:45,678 - INFO - ❌ Task task_deepsearchqa_02: 0.0/1.0 (0%) - llm_judge
2026-04-08 03:31:45,678 - INFO -    Notes: The agent failed to produce any answer in 'answer.txt'—it wrote an empty file and received a failure response. No attempt was made to search for the 65th edition of JAIR, identify the first article's 
2026-04-08 03:31:45,678 - INFO - 
================================================================================
2026-04-08 03:31:45,678 - INFO - 📋 Task 34/208 (Run 1/1)
2026-04-08 03:31:45,678 - INFO - ================================================================================
2026-04-08 03:31:45,678 - INFO - 🤖 BaseModel [custom-api-shubiaobiao-cn/doubao-seed-2-0-pro-260215] starting task: task_deepsearchqa_03
2026-04-08 03:31:52,154 - INFO - HTTP Request: POST https://api.shubiaobiao.cn/v1/chat/completions "HTTP/1.1 403 Forbidden"
2026-04-08 03:32:10,817 - INFO - Agent bench-judge-qwen3-vl-plus-for-doubao-seed-2-0-pro-260215 already exists with correct workspace
2026-04-08 03:32:10,818 - INFO - Removed 1 old OpenClaw session transcripts for bench-judge-qwen3-vl-plus-for-doubao-seed-2-0-pro-260215
2026-04-08 03:32:16,801 - INFO - Found transcript via sessions.json: 5ac859b4-42c8-4c14-a5cd-05b20ba19937.jsonl (attempt 1)
2026-04-08 03:32:16,802 - INFO -    💾 Session backup saved: task_deepsearchqa_03_run_35bc8e64-1.jsonl (3 entries, status=error)
2026-04-08 03:32:16,802 - INFO - ❌ Task task_deepsearchqa_03: 0.0/1.0 (0%) - llm_judge
2026-04-08 03:32:16,802 - INFO -    Notes: The agent failed to produce any answer and instead attempted to write an empty file, which resulted in a failure. No correct answer ('Ferrierite') was provided.
2026-04-08 03:32:16,802 - INFO - 
================================================================================
2026-04-08 03:32:16,802 - INFO - 📋 Task 35/208 (Run 1/1)
2026-04-08 03:32:16,802 - INFO - ================================================================================
2026-04-08 03:32:16,802 - INFO - 🤖 BaseModel [custom-api-shubiaobiao-cn/doubao-seed-2-0-pro-260215] starting task: task_deepsearchqa_04
2026-04-08 03:32:19,826 - INFO - HTTP Request: POST https://api.shubiaobiao.cn/v1/chat/completions "HTTP/1.1 403 Forbidden"
2026-04-08 03:32:29,093 - INFO - Agent bench-judge-qwen3-vl-plus-for-doubao-seed-2-0-pro-260215 already exists with correct workspace
2026-04-08 03:32:29,094 - INFO - Removed 1 old OpenClaw session transcripts for bench-judge-qwen3-vl-plus-for-doubao-seed-2-0-pro-260215
2026-04-08 03:32:34,348 - INFO - Found transcript via sessions.json: 755d2914-a27e-4400-88d8-b55b50e55a9f.jsonl (attempt 1)
2026-04-08 03:32:34,349 - INFO -    💾 Session backup saved: task_deepsearchqa_04_run_35bc8e64-1.jsonl (3 entries, status=error)
2026-04-08 03:32:34,349 - INFO - ❌ Task task_deepsearchqa_04: 0.0/1.0 (0%) - llm_judge
2026-04-08 03:32:34,349 - INFO -    Notes: The agent failed to produce any answer in 'answer.txt' — it attempted to write an empty file and got a failure. No search was performed, no information retrieved, and the expected answer was not gener
2026-04-08 03:32:34,349 - INFO - 
================================================================================
2026-04-08 03:32:34,349 - INFO - 📋 Task 36/208 (Run 1/1)
2026-04-08 03:32:34,349 - INFO - ================================================================================
2026-04-08 03:32:34,349 - INFO - 🤖 BaseModel [custom-api-shubiaobiao-cn/doubao-seed-2-0-pro-260215] starting task: task_deepsearchqa_05
2026-04-08 03:32:38,882 - INFO - HTTP Request: POST https://api.shubiaobiao.cn/v1/chat/completions "HTTP/1.1 403 Forbidden"
2026-04-08 03:32:51,076 - INFO - Agent bench-judge-qwen3-vl-plus-for-doubao-seed-2-0-pro-260215 already exists with correct workspace
2026-04-08 03:32:51,077 - INFO - Removed 1 old OpenClaw session transcripts for bench-judge-qwen3-vl-plus-for-doubao-seed-2-0-pro-260215
2026-04-08 03:32:57,672 - INFO - Found transcript via sessions.json: 130094aa-4f2a-4c95-a2f3-ffa9023ee7e2.jsonl (attempt 1)
2026-04-08 03:32:57,673 - INFO -    💾 Session backup saved: task_deepsearchqa_05_run_35bc8e64-1.jsonl (3 entries, status=error)
2026-04-08 03:32:57,673 - INFO - ❌ Task task_deepsearchqa_05: 0.0/1.0 (0%) - llm_judge
2026-04-08 03:32:57,673 - INFO -    Notes: The agent failed to produce any answer in 'answer.txt' — it attempted to write an empty file and got a failure. No information was retrieved or processed; no search was performed. The expected answer 
2026-04-08 03:32:57,673 - INFO - 
================================================================================
2026-04-08 03:32:57,673 - INFO - 📋 Task 37/208 (Run 1/1)
2026-04-08 03:32:57,673 - INFO - ================================================================================
2026-04-08 03:32:57,673 - INFO - 🤖 BaseModel [custom-api-shubiaobiao-cn/doubao-seed-2-0-pro-260215] starting task: task_deepsearchqa_06
2026-04-08 03:33:00,710 - INFO - HTTP Request: POST https://api.shubiaobiao.cn/v1/chat/completions "HTTP/1.1 403 Forbidden"
2026-04-08 03:33:07,361 - INFO - Agent bench-judge-qwen3-vl-plus-for-doubao-seed-2-0-pro-260215 already exists with correct workspace
2026-04-08 03:33:07,361 - INFO - Removed 1 old OpenClaw session transcripts for bench-judge-qwen3-vl-plus-for-doubao-seed-2-0-pro-260215
2026-04-08 03:33:19,155 - INFO - Found transcript via sessions.json: ad9c5a2f-b287-4f6a-98c0-08f3305f9143.jsonl (attempt 1)
2026-04-08 03:33:19,155 - WARNING - Failed to parse judge JSON response
2026-04-08 03:33:19,156 - INFO -    💾 Session backup saved: task_deepsearchqa_06_run_35bc8e64-1.jsonl (3 entries, status=error)
2026-04-08 03:33:19,156 - INFO - ❌ Task task_deepsearchqa_06: 0.0/1.0 (0%) - llm_judge
2026-04-08 03:33:19,156 - INFO - 
================================================================================
2026-04-08 03:33:19,156 - INFO - 📋 Task 38/208 (Run 1/1)
2026-04-08 03:33:19,156 - INFO - ================================================================================
2026-04-08 03:33:19,156 - INFO - 🤖 BaseModel [custom-api-shubiaobiao-cn/doubao-seed-2-0-pro-260215] starting task: task_deepsearchqa_07
2026-04-08 03:33:28,576 - INFO - HTTP Request: POST https://api.shubiaobiao.cn/v1/chat/completions "HTTP/1.1 403 Forbidden"
2026-04-08 03:33:39,253 - INFO - Agent bench-judge-qwen3-vl-plus-for-doubao-seed-2-0-pro-260215 already exists with correct workspace
2026-04-08 03:33:39,253 - INFO - Removed 1 old OpenClaw session transcripts for bench-judge-qwen3-vl-plus-for-doubao-seed-2-0-pro-260215
2026-04-08 03:33:44,052 - INFO - Found transcript via sessions.json: a049b26c-5b28-4c34-b323-17d858a6df91.jsonl (attempt 1)
2026-04-08 03:33:44,053 - INFO -    💾 Session backup saved: task_deepsearchqa_07_run_35bc8e64-1.jsonl (3 entries, status=error)
2026-04-08 03:33:44,053 - INFO - ❌ Task task_deepsearchqa_07: 0.0/1.0 (0%) - llm_judge
2026-04-08 03:33:44,053 - INFO -    Notes: The agent failed to produce any answer in 'answer.txt'—it attempted to write an empty file and got a failure. No search was performed, no data retrieved from Eurostat, and no countries were identified
2026-04-08 03:33:44,053 - INFO - 
================================================================================
2026-04-08 03:33:44,053 - INFO - 📋 Task 39/208 (Run 1/1)
2026-04-08 03:33:44,053 - INFO - ================================================================================
2026-04-08 03:33:44,053 - INFO - 🤖 BaseModel [custom-api-shubiaobiao-cn/doubao-seed-2-0-pro-260215] starting task: task_deepsearchqa_08
2026-04-08 03:33:53,685 - INFO - HTTP Request: POST https://api.shubiaobiao.cn/v1/chat/completions "HTTP/1.1 403 Forbidden"
2026-04-08 03:34:00,974 - INFO - Agent bench-judge-qwen3-vl-plus-for-doubao-seed-2-0-pro-260215 already exists with correct workspace
2026-04-08 03:34:00,975 - INFO - Removed 1 old OpenClaw session transcripts for bench-judge-qwen3-vl-plus-for-doubao-seed-2-0-pro-260215
2026-04-08 03:37:01,080 - INFO - Found transcript via sessions.json: b569aa00-541e-4cef-9402-afbe49d64344.jsonl (attempt 1)
2026-04-08 03:37:01,086 - INFO -    💾 Session backup saved: task_deepsearchqa_08_run_35bc8e64-1.jsonl (3 entries, status=error)
2026-04-08 03:37:01,087 - INFO - ❌ Task task_deepsearchqa_08: 0.0/1.0 (0%) - llm_judge
2026-04-08 03:37:01,087 - INFO - 
================================================================================
2026-04-08 03:37:01,087 - INFO - 📋 Task 40/208 (Run 1/1)
2026-04-08 03:37:01,087 - INFO - ================================================================================
2026-04-08 03:37:01,087 - INFO - 🤖 BaseModel [custom-api-shubiaobiao-cn/doubao-seed-2-0-pro-260215] starting task: task_deepsearchqa_09
2026-04-08 03:37:05,177 - INFO - HTTP Request: POST https://api.shubiaobiao.cn/v1/chat/completions "HTTP/1.1 403 Forbidden"
2026-04-08 03:37:14,807 - INFO - Agent bench-judge-qwen3-vl-plus-for-doubao-seed-2-0-pro-260215 already exists with correct workspace
2026-04-08 03:37:14,808 - INFO - Removed 2 old OpenClaw session transcripts for bench-judge-qwen3-vl-plus-for-doubao-seed-2-0-pro-260215
2026-04-08 03:39:38,115 - INFO - Found transcript via sessions.json: 92f54257-f3e7-4f81-90a7-be567568ae7b.jsonl (attempt 1)
2026-04-08 03:39:38,117 - INFO -    💾 Session backup saved: task_deepsearchqa_09_run_35bc8e64-1.jsonl (3 entries, status=error)
2026-04-08 03:39:38,118 - INFO - ❌ Task task_deepsearchqa_09: 0.0/1.0 (0%) - llm_judge
2026-04-08 03:39:38,122 - INFO -    Notes: The agent failed to produce any answer, writing an empty file and returning a failure. The required output 'Ethiopia, Egypt, Vietnam, Bangladesh, China' was not generated.
2026-04-08 03:39:38,122 - INFO - 
================================================================================
2026-04-08 03:39:38,122 - INFO - 📋 Task 41/208 (Run 1/1)
2026-04-08 03:39:38,122 - INFO - ================================================================================
2026-04-08 03:39:38,125 - INFO - 🤖 BaseModel [custom-api-shubiaobiao-cn/doubao-seed-2-0-pro-260215] starting task: task_finqa_00
2026-04-08 03:39:42,882 - INFO - HTTP Request: POST https://api.shubiaobiao.cn/v1/chat/completions "HTTP/1.1 403 Forbidden"
2026-04-08 03:39:42,884 - INFO -    💾 Session backup saved: task_finqa_00_run_35bc8e64-1.jsonl (3 entries, status=error)
2026-04-08 03:39:42,884 - INFO - ❌ Task task_finqa_00: 0.0/1.0 (0%) - automated
2026-04-08 03:39:42,884 - INFO - 
================================================================================
2026-04-08 03:39:42,884 - INFO - 📋 Task 42/208 (Run 1/1)
2026-04-08 03:39:42,884 - INFO - ================================================================================
2026-04-08 03:39:42,884 - INFO - 🤖 BaseModel [custom-api-shubiaobiao-cn/doubao-seed-2-0-pro-260215] starting task: task_finqa_01
2026-04-08 03:39:49,851 - INFO - HTTP Request: POST https://api.shubiaobiao.cn/v1/chat/completions "HTTP/1.1 403 Forbidden"
2026-04-08 03:39:49,852 - INFO -    💾 Session backup saved: task_finqa_01_run_35bc8e64-1.jsonl (3 entries, status=error)
2026-04-08 03:39:49,853 - INFO - ❌ Task task_finqa_01: 0.0/1.0 (0%) - automated
2026-04-08 03:39:49,853 - INFO - 
================================================================================
2026-04-08 03:39:49,853 - INFO - 📋 Task 43/208 (Run 1/1)
2026-04-08 03:39:49,853 - INFO - ================================================================================
2026-04-08 03:39:49,853 - INFO - 🤖 BaseModel [custom-api-shubiaobiao-cn/doubao-seed-2-0-pro-260215] starting task: task_finqa_02
2026-04-08 03:39:52,713 - INFO - HTTP Request: POST https://api.shubiaobiao.cn/v1/chat/completions "HTTP/1.1 403 Forbidden"
2026-04-08 03:39:52,715 - INFO -    💾 Session backup saved: task_finqa_02_run_35bc8e64-1.jsonl (3 entries, status=error)
2026-04-08 03:39:52,715 - INFO - ❌ Task task_finqa_02: 0.0/1.0 (0%) - automated
2026-04-08 03:39:52,715 - INFO - 
================================================================================
2026-04-08 03:39:52,715 - INFO - 📋 Task 44/208 (Run 1/1)
2026-04-08 03:39:52,715 - INFO - ================================================================================
2026-04-08 03:39:52,715 - INFO - 🤖 BaseModel [custom-api-shubiaobiao-cn/doubao-seed-2-0-pro-260215] starting task: task_finqa_03
2026-04-08 03:39:55,546 - INFO - HTTP Request: POST https://api.shubiaobiao.cn/v1/chat/completions "HTTP/1.1 403 Forbidden"
2026-04-08 03:39:55,548 - INFO -    💾 Session backup saved: task_finqa_03_run_35bc8e64-1.jsonl (3 entries, status=error)
2026-04-08 03:39:55,548 - INFO - ❌ Task task_finqa_03: 0.0/1.0 (0%) - automated
2026-04-08 03:39:55,548 - INFO - 
================================================================================
2026-04-08 03:39:55,548 - INFO - 📋 Task 45/208 (Run 1/1)
2026-04-08 03:39:55,548 - INFO - ================================================================================
2026-04-08 03:39:55,548 - INFO - 🤖 BaseModel [custom-api-shubiaobiao-cn/doubao-seed-2-0-pro-260215] starting task: task_finqa_04
2026-04-08 03:40:07,090 - INFO - HTTP Request: POST https://api.shubiaobiao.cn/v1/chat/completions "HTTP/1.1 403 Forbidden"
2026-04-08 03:40:07,091 - INFO -    💾 Session backup saved: task_finqa_04_run_35bc8e64-1.jsonl (3 entries, status=error)
2026-04-08 03:40:07,091 - INFO - ❌ Task task_finqa_04: 0.0/1.0 (0%) - automated
2026-04-08 03:40:07,091 - INFO - 
================================================================================
2026-04-08 03:40:07,091 - INFO - 📋 Task 46/208 (Run 1/1)
2026-04-08 03:40:07,091 - INFO - ================================================================================
2026-04-08 03:40:07,091 - INFO - 🤖 BaseModel [custom-api-shubiaobiao-cn/doubao-seed-2-0-pro-260215] starting task: task_finqa_05
2026-04-08 03:40:10,206 - INFO - HTTP Request: POST https://api.shubiaobiao.cn/v1/chat/completions "HTTP/1.1 403 Forbidden"
2026-04-08 03:40:10,207 - INFO -    💾 Session backup saved: task_finqa_05_run_35bc8e64-1.jsonl (3 entries, status=error)
2026-04-08 03:40:10,207 - INFO - ❌ Task task_finqa_05: 0.0/1.0 (0%) - automated
2026-04-08 03:40:10,208 - INFO - 
================================================================================
2026-04-08 03:40:10,208 - INFO - 📋 Task 47/208 (Run 1/1)
2026-04-08 03:40:10,208 - INFO - ================================================================================
2026-04-08 03:40:10,208 - INFO - 🤖 BaseModel [custom-api-shubiaobiao-cn/doubao-seed-2-0-pro-260215] starting task: task_finqa_06
2026-04-08 03:40:22,094 - INFO - HTTP Request: POST https://api.shubiaobiao.cn/v1/chat/completions "HTTP/1.1 403 Forbidden"
2026-04-08 03:40:22,096 - INFO -    💾 Session backup saved: task_finqa_06_run_35bc8e64-1.jsonl (3 entries, status=error)
2026-04-08 03:40:22,096 - INFO - ❌ Task task_finqa_06: 0.0/1.0 (0%) - automated
2026-04-08 03:40:22,096 - INFO - 
================================================================================
2026-04-08 03:40:22,096 - INFO - 📋 Task 48/208 (Run 1/1)
2026-04-08 03:40:22,096 - INFO - ================================================================================
2026-04-08 03:40:22,096 - INFO - 🤖 BaseModel [custom-api-shubiaobiao-cn/doubao-seed-2-0-pro-260215] starting task: task_finqa_07
2026-04-08 03:40:31,156 - INFO - HTTP Request: POST https://api.shubiaobiao.cn/v1/chat/completions "HTTP/1.1 403 Forbidden"
2026-04-08 03:40:31,158 - INFO -    💾 Session backup saved: task_finqa_07_run_35bc8e64-1.jsonl (3 entries, status=error)
2026-04-08 03:40:31,158 - INFO - ❌ Task task_finqa_07: 0.0/1.0 (0%) - automated
2026-04-08 03:40:31,158 - INFO - 
================================================================================
2026-04-08 03:40:31,158 - INFO - 📋 Task 49/208 (Run 1/1)
2026-04-08 03:40:31,158 - INFO - ================================================================================
2026-04-08 03:40:31,158 - INFO - 🤖 BaseModel [custom-api-shubiaobiao-cn/doubao-seed-2-0-pro-260215] starting task: task_finqa_08
2026-04-08 03:40:42,614 - INFO - HTTP Request: POST https://api.shubiaobiao.cn/v1/chat/completions "HTTP/1.1 403 Forbidden"
2026-04-08 03:40:42,616 - INFO -    💾 Session backup saved: task_finqa_08_run_35bc8e64-1.jsonl (3 entries, status=error)
2026-04-08 03:40:42,616 - INFO - ❌ Task task_finqa_08: 0.0/1.0 (0%) - automated
2026-04-08 03:40:42,616 - INFO - 
================================================================================
2026-04-08 03:40:42,616 - INFO - 📋 Task 50/208 (Run 1/1)
2026-04-08 03:40:42,616 - INFO - ================================================================================
2026-04-08 03:40:42,616 - INFO - 🤖 BaseModel [custom-api-shubiaobiao-cn/doubao-seed-2-0-pro-260215] starting task: task_finqa_09
2026-04-08 03:40:45,777 - INFO - HTTP Request: POST https://api.shubiaobiao.cn/v1/chat/completions "HTTP/1.1 403 Forbidden"
2026-04-08 03:40:45,779 - INFO -    💾 Session backup saved: task_finqa_09_run_35bc8e64-1.jsonl (3 entries, status=error)
2026-04-08 03:40:45,779 - INFO - ❌ Task task_finqa_09: 0.0/1.0 (0%) - automated
2026-04-08 03:40:45,779 - INFO - 
================================================================================
2026-04-08 03:40:45,779 - INFO - 📋 Task 51/208 (Run 1/1)
2026-04-08 03:40:45,779 - INFO - ================================================================================
2026-04-08 03:40:45,779 - INFO - 🤖 BaseModel [custom-api-shubiaobiao-cn/doubao-seed-2-0-pro-260215] starting task: task_gpqa_00
2026-04-08 03:40:49,007 - INFO - HTTP Request: POST https://api.shubiaobiao.cn/v1/chat/completions "HTTP/1.1 403 Forbidden"
2026-04-08 03:40:53,958 - INFO - Agent bench-judge-qwen3-vl-plus-for-doubao-seed-2-0-pro-260215 already exists with correct workspace
2026-04-08 03:40:53,959 - INFO - Removed 2 old OpenClaw session transcripts for bench-judge-qwen3-vl-plus-for-doubao-seed-2-0-pro-260215
2026-04-08 03:41:38,313 - INFO - Found transcript via sessions.json: d5275dd4-f216-42e8-b3fe-f7d7ab6d3f29.jsonl (attempt 1)
2026-04-08 03:41:38,314 - INFO -    💾 Session backup saved: task_gpqa_00_run_35bc8e64-1.jsonl (3 entries, status=error)
2026-04-08 03:41:38,314 - INFO - ⚠️ Task task_gpqa_00: 0.7/1.0 (70%) - hybrid
2026-04-08 03:41:38,314 - INFO -    Notes: The agent provided the correct answer (~0.36) with clear, step-by-step physics reasoning showing K ∝ P^(-1/3), correctly calculated (7/5)^(-3) = 1/2.744 ≈ 0.364, and addressed all parts of the questio
2026-04-08 03:41:38,314 - INFO - 
================================================================================
2026-04-08 03:41:38,314 - INFO - 📋 Task 52/208 (Run 1/1)
2026-04-08 03:41:38,314 - INFO - ================================================================================
2026-04-08 03:41:38,315 - INFO - 🤖 BaseModel [custom-api-shubiaobiao-cn/doubao-seed-2-0-pro-260215] starting task: task_gpqa_01
2026-04-08 03:41:43,458 - INFO - HTTP Request: POST https://api.shubiaobiao.cn/v1/chat/completions "HTTP/1.1 403 Forbidden"
2026-04-08 03:41:50,921 - INFO - Agent bench-judge-qwen3-vl-plus-for-doubao-seed-2-0-pro-260215 already exists with correct workspace
2026-04-08 03:41:50,921 - INFO - Removed 1 old OpenClaw session transcripts for bench-judge-qwen3-vl-plus-for-doubao-seed-2-0-pro-260215
2026-04-08 03:41:57,426 - INFO - Found transcript via sessions.json: 557a464d-1339-4a8b-a0bf-b76d3de016c1.jsonl (attempt 1)
2026-04-08 03:41:57,427 - INFO -    💾 Session backup saved: task_gpqa_01_run_35bc8e64-1.jsonl (3 entries, status=error)
2026-04-08 03:41:57,427 - INFO - ❌ Task task_gpqa_01: 0.0/1.0 (0%) - hybrid
2026-04-08 03:41:57,427 - INFO -    Notes: The agent failed to produce any answer or reasoning. It attempted to write an empty file and returned a failure, violating the instruction to provide a detailed answer with reasoning and write to 'ans
2026-04-08 03:41:57,427 - INFO - 
================================================================================
2026-04-08 03:41:57,427 - INFO - 📋 Task 53/208 (Run 1/1)
2026-04-08 03:41:57,427 - INFO - ================================================================================
2026-04-08 03:41:57,427 - INFO - 🤖 BaseModel [custom-api-shubiaobiao-cn/doubao-seed-2-0-pro-260215] starting task: task_gpqa_02
2026-04-08 03:42:00,743 - INFO - HTTP Request: POST https://api.shubiaobiao.cn/v1/chat/completions "HTTP/1.1 403 Forbidden"
2026-04-08 03:42:12,371 - INFO - Agent bench-judge-qwen3-vl-plus-for-doubao-seed-2-0-pro-260215 already exists with correct workspace
2026-04-08 03:42:12,371 - INFO - Removed 1 old OpenClaw session transcripts for bench-judge-qwen3-vl-plus-for-doubao-seed-2-0-pro-260215
2026-04-08 03:43:46,704 - INFO - Found transcript via sessions.json: a8d7cf0f-52ab-48e3-afe4-ce4a6862730e.jsonl (attempt 1)
2026-04-08 03:43:46,706 - INFO -    💾 Session backup saved: task_gpqa_02_run_35bc8e64-1.jsonl (3 entries, status=error)
2026-04-08 03:43:46,706 - INFO - ⚠️ Task task_gpqa_02: 0.7/1.0 (65%) - hybrid
2026-04-08 03:43:46,706 - INFO -    Notes: The agent correctly identified the IUPAC name as '3-cyano-6-(dimethylamino)-5-formyl-2-hydroxy-4-methoxybenzoic acid' which matches the expected answer exactly. The reasoning was thorough, step-by-ste
2026-04-08 03:43:46,706 - INFO - 
================================================================================
2026-04-08 03:43:46,706 - INFO - 📋 Task 54/208 (Run 1/1)
2026-04-08 03:43:46,706 - INFO - ================================================================================
2026-04-08 03:43:46,706 - INFO - 🤖 BaseModel [custom-api-shubiaobiao-cn/doubao-seed-2-0-pro-260215] starting task: task_gpqa_03
2026-04-08 03:43:52,530 - INFO - HTTP Request: POST https://api.shubiaobiao.cn/v1/chat/completions "HTTP/1.1 403 Forbidden"
2026-04-08 03:44:07,849 - INFO - Agent bench-judge-qwen3-vl-plus-for-doubao-seed-2-0-pro-260215 already exists with correct workspace
2026-04-08 03:44:07,849 - INFO - Removed 1 old OpenClaw session transcripts for bench-judge-qwen3-vl-plus-for-doubao-seed-2-0-pro-260215
2026-04-08 03:44:13,358 - INFO - Found transcript via sessions.json: ec9e3e0c-ea08-4290-ab1c-6a9dac8726bd.jsonl (attempt 1)
2026-04-08 03:44:13,359 - INFO -    💾 Session backup saved: task_gpqa_03_run_35bc8e64-1.jsonl (3 entries, status=error)
2026-04-08 03:44:13,359 - INFO - ❌ Task task_gpqa_03: 0.0/1.0 (0%) - hybrid
2026-04-08 03:44:13,359 - INFO -    Notes: The agent failed to produce any answer or reasoning; it only attempted to write an empty file and returned a failure. No response was generated for the physics/astronomy question, so all criteria scor
2026-04-08 03:44:13,359 - INFO - 
================================================================================
2026-04-08 03:44:13,359 - INFO - 📋 Task 55/208 (Run 1/1)
2026-04-08 03:44:13,359 - INFO - ================================================================================
2026-04-08 03:44:13,359 - INFO - 🤖 BaseModel [custom-api-shubiaobiao-cn/doubao-seed-2-0-pro-260215] starting task: task_gpqa_04
2026-04-08 03:44:16,206 - INFO - HTTP Request: POST https://api.shubiaobiao.cn/v1/chat/completions "HTTP/1.1 403 Forbidden"
2026-04-08 03:44:23,988 - INFO - Agent bench-judge-qwen3-vl-plus-for-doubao-seed-2-0-pro-260215 already exists with correct workspace
2026-04-08 03:44:23,989 - INFO - Removed 1 old OpenClaw session transcripts for bench-judge-qwen3-vl-plus-for-doubao-seed-2-0-pro-260215
2026-04-08 03:44:30,467 - INFO - Found transcript via sessions.json: 0b0c994b-f2fd-4bd3-94c5-f600abc218f8.jsonl (attempt 1)
2026-04-08 03:44:30,467 - INFO -    💾 Session backup saved: task_gpqa_04_run_35bc8e64-1.jsonl (3 entries, status=error)
2026-04-08 03:44:30,467 - INFO - ❌ Task task_gpqa_04: 0.0/1.0 (0%) - hybrid
2026-04-08 03:44:30,467 - INFO -    Notes: The agent failed to produce any answer or reasoning; it only attempted to write an empty file and returned a failure. No chemical analysis, identification of EXO product, or explanation was provided. 
2026-04-08 03:44:30,467 - INFO - 
================================================================================
2026-04-08 03:44:30,468 - INFO - 📋 Task 56/208 (Run 1/1)
2026-04-08 03:44:30,468 - INFO - ================================================================================
2026-04-08 03:44:30,468 - INFO - 🤖 BaseModel [custom-api-shubiaobiao-cn/doubao-seed-2-0-pro-260215] starting task: task_gpqa_05
2026-04-08 03:44:39,484 - INFO - HTTP Request: POST https://api.shubiaobiao.cn/v1/chat/completions "HTTP/1.1 403 Forbidden"
2026-04-08 03:44:48,359 - INFO - Agent bench-judge-qwen3-vl-plus-for-doubao-seed-2-0-pro-260215 already exists with correct workspace
2026-04-08 03:44:48,359 - INFO - Removed 1 old OpenClaw session transcripts for bench-judge-qwen3-vl-plus-for-doubao-seed-2-0-pro-260215
2026-04-08 03:44:56,882 - INFO - Found transcript via sessions.json: 2248c655-c01f-472d-8717-930a08c54a8d.jsonl (attempt 1)
2026-04-08 03:44:56,882 - INFO -    💾 Session backup saved: task_gpqa_05_run_35bc8e64-1.jsonl (3 entries, status=error)
2026-04-08 03:44:56,882 - INFO - ❌ Task task_gpqa_05: 0.0/1.0 (0%) - hybrid
2026-04-08 03:44:56,882 - INFO -    Notes: The agent did not produce any answer or reasoning; it only attempted to write an empty file and then replied with NO_REPLY. No solution, derivation, or final answer was provided, violating all criteri
2026-04-08 03:44:56,882 - INFO - 
================================================================================
2026-04-08 03:44:56,882 - INFO - 📋 Task 57/208 (Run 1/1)
2026-04-08 03:44:56,883 - INFO - ================================================================================
2026-04-08 03:44:56,883 - INFO - 🤖 BaseModel [custom-api-shubiaobiao-cn/doubao-seed-2-0-pro-260215] starting task: task_gpqa_06
2026-04-08 03:45:04,055 - INFO - HTTP Request: POST https://api.shubiaobiao.cn/v1/chat/completions "HTTP/1.1 403 Forbidden"
2026-04-08 03:45:11,378 - INFO - Agent bench-judge-qwen3-vl-plus-for-doubao-seed-2-0-pro-260215 already exists with correct workspace
2026-04-08 03:45:11,379 - INFO - Removed 1 old OpenClaw session transcripts for bench-judge-qwen3-vl-plus-for-doubao-seed-2-0-pro-260215
2026-04-08 03:45:24,408 - INFO - Found transcript via sessions.json: 3c690c4f-52c6-49e8-b84f-c8991e982ec9.jsonl (attempt 1)
2026-04-08 03:45:24,409 - INFO -    💾 Session backup saved: task_gpqa_06_run_35bc8e64-1.jsonl (3 entries, status=error)
2026-04-08 03:45:24,409 - INFO - ❌ Task task_gpqa_06: 0.0/1.0 (0%) - hybrid
2026-04-08 03:45:24,409 - INFO -    Notes: The agent failed to produce any answer or reasoning; it only attempted to write an empty file and then sent NO_REPLY. No response was generated for 'answer.txt', and no calculation or explanation was 
2026-04-08 03:45:24,409 - INFO - 
================================================================================
2026-04-08 03:45:24,409 - INFO - 📋 Task 58/208 (Run 1/1)
2026-04-08 03:45:24,409 - INFO - ================================================================================
2026-04-08 03:45:24,409 - INFO - 🤖 BaseModel [custom-api-shubiaobiao-cn/doubao-seed-2-0-pro-260215] starting task: task_gpqa_07
2026-04-08 03:45:39,069 - INFO - HTTP Request: POST https://api.shubiaobiao.cn/v1/chat/completions "HTTP/1.1 403 Forbidden"
2026-04-08 03:45:48,672 - INFO - Agent bench-judge-qwen3-vl-plus-for-doubao-seed-2-0-pro-260215 already exists with correct workspace
2026-04-08 03:45:48,673 - INFO - Removed 1 old OpenClaw session transcripts for bench-judge-qwen3-vl-plus-for-doubao-seed-2-0-pro-260215
2026-04-08 03:46:00,495 - INFO - Found transcript via sessions.json: 66f6b46c-1da7-4acd-84cf-3f501c64a19a.jsonl (attempt 1)
2026-04-08 03:46:00,496 - INFO -    💾 Session backup saved: task_gpqa_07_run_35bc8e64-1.jsonl (3 entries, status=error)
2026-04-08 03:46:00,496 - INFO - ❌ Task task_gpqa_07: 0.0/1.0 (0%) - hybrid
2026-04-08 03:46:00,496 - INFO -    Notes: Agent failed to produce any answer or reasoning; only attempted to write an empty file and returned NO_REPLY. No response was generated for the physics problem, so all criteria score 0.0.
2026-04-08 03:46:00,496 - INFO - 
================================================================================
2026-04-08 03:46:00,496 - INFO - 📋 Task 59/208 (Run 1/1)
2026-04-08 03:46:00,496 - INFO - ================================================================================
2026-04-08 03:46:00,496 - INFO - 🤖 BaseModel [custom-api-shubiaobiao-cn/doubao-seed-2-0-pro-260215] starting task: task_gpqa_08
2026-04-08 03:46:04,422 - INFO - HTTP Request: POST https://api.shubiaobiao.cn/v1/chat/completions "HTTP/1.1 403 Forbidden"
2026-04-08 03:46:16,027 - INFO - Agent bench-judge-qwen3-vl-plus-for-doubao-seed-2-0-pro-260215 already exists with correct workspace
2026-04-08 03:46:16,028 - INFO - Removed 1 old OpenClaw session transcripts for bench-judge-qwen3-vl-plus-for-doubao-seed-2-0-pro-260215
2026-04-08 03:46:27,201 - INFO - Found transcript via sessions.json: 89649f93-b75a-4973-9266-cb18d61df279.jsonl (attempt 1)
2026-04-08 03:46:27,202 - INFO -    💾 Session backup saved: task_gpqa_08_run_35bc8e64-1.jsonl (3 entries, status=error)
2026-04-08 03:46:27,202 - INFO - ❌ Task task_gpqa_08: 0.0/1.0 (0%) - hybrid
2026-04-08 03:46:27,202 - INFO -    Notes: The agent did not produce any answer or reasoning; it only issued a NO_REPLY and failed to write to answer.txt due to empty content. No reagent (A) or catalyst (B) was identified, and no reasoning was
2026-04-08 03:46:27,202 - INFO - 
================================================================================
2026-04-08 03:46:27,202 - INFO - 📋 Task 60/208 (Run 1/1)
2026-04-08 03:46:27,202 - INFO - ================================================================================
2026-04-08 03:46:27,202 - INFO - 🤖 BaseModel [custom-api-shubiaobiao-cn/doubao-seed-2-0-pro-260215] starting task: task_gpqa_09
2026-04-08 03:46:33,259 - INFO - HTTP Request: POST https://api.shubiaobiao.cn/v1/chat/completions "HTTP/1.1 403 Forbidden"
2026-04-08 03:46:37,252 - INFO - Agent bench-judge-qwen3-vl-plus-for-doubao-seed-2-0-pro-260215 already exists with correct workspace
2026-04-08 03:46:37,253 - INFO - Removed 1 old OpenClaw session transcripts for bench-judge-qwen3-vl-plus-for-doubao-seed-2-0-pro-260215
2026-04-08 03:47:20,312 - INFO - Found transcript via sessions.json: 59471fe7-52ab-4e7a-ad46-5c23fe4ca402.jsonl (attempt 1)
2026-04-08 03:47:20,313 - INFO -    💾 Session backup saved: task_gpqa_09_run_35bc8e64-1.jsonl (3 entries, status=error)
2026-04-08 03:47:20,313 - INFO - ⚠️ Task task_gpqa_09: 0.7/1.0 (70%) - hybrid
2026-04-08 03:47:20,313 - INFO -    Notes: Agent correctly identified 'pre-replication complex' as the least observed in active chromatin ChIP-MS during shmoo formation, provided clear step-by-step biological reasoning (G1 arrest, separation o
2026-04-08 03:47:20,313 - INFO - 
================================================================================
2026-04-08 03:47:20,313 - INFO - 📋 Task 61/208 (Run 1/1)
2026-04-08 03:47:20,314 - INFO - ================================================================================
2026-04-08 03:47:20,314 - INFO - 🤖 BaseModel [custom-api-shubiaobiao-cn/doubao-seed-2-0-pro-260215] starting task: task_hle_00
2026-04-08 03:47:28,971 - INFO - HTTP Request: POST https://api.shubiaobiao.cn/v1/chat/completions "HTTP/1.1 403 Forbidden"
2026-04-08 03:47:38,798 - INFO - Agent bench-judge-qwen3-vl-plus-for-doubao-seed-2-0-pro-260215 already exists with correct workspace
2026-04-08 03:47:38,798 - INFO - Removed 1 old OpenClaw session transcripts for bench-judge-qwen3-vl-plus-for-doubao-seed-2-0-pro-260215
2026-04-08 03:47:44,135 - INFO - Found transcript via sessions.json: d72839e5-9eec-426c-b9f0-9b721271ff68.jsonl (attempt 1)
2026-04-08 03:47:44,135 - INFO -    💾 Session backup saved: task_hle_00_run_35bc8e64-1.jsonl (3 entries, status=error)
2026-04-08 03:47:44,135 - INFO - ❌ Task task_hle_00: 0.0/1.0 (0%) - llm_judge
2026-04-08 03:47:44,135 - INFO -    Notes: The agent did not produce any answer — it only attempted to write an empty file and failed. No reasoning or final answer was provided, so it cannot match the ground truth answer B.
2026-04-08 03:47:44,135 - INFO - 
================================================================================
2026-04-08 03:47:44,135 - INFO - 📋 Task 62/208 (Run 1/1)
2026-04-08 03:47:44,135 - INFO - ================================================================================
2026-04-08 03:47:44,135 - INFO - 🤖 BaseModel [custom-api-shubiaobiao-cn/doubao-seed-2-0-pro-260215] starting task: task_hle_01
2026-04-08 03:47:48,530 - INFO - HTTP Request: POST https://api.shubiaobiao.cn/v1/chat/completions "HTTP/1.1 403 Forbidden"
2026-04-08 03:47:56,181 - INFO - Agent bench-judge-qwen3-vl-plus-for-doubao-seed-2-0-pro-260215 already exists with correct workspace
2026-04-08 03:47:56,182 - INFO - Removed 1 old OpenClaw session transcripts for bench-judge-qwen3-vl-plus-for-doubao-seed-2-0-pro-260215
2026-04-08 03:48:01,543 - INFO - Found transcript via sessions.json: f84aa60a-9475-4360-b248-0fb49008e04b.jsonl (attempt 1)
2026-04-08 03:48:01,544 - INFO -    💾 Session backup saved: task_hle_01_run_35bc8e64-1.jsonl (3 entries, status=error)
2026-04-08 03:48:01,545 - INFO - ❌ Task task_hle_01: 0.0/1.0 (0%) - llm_judge
2026-04-08 03:48:01,545 - INFO -    Notes: The agent failed to produce any answer or reasoning, and instead triggered a write with empty content, which failed. No answer was provided, so it cannot match the ground truth of 249.
2026-04-08 03:48:01,545 - INFO - 
================================================================================
2026-04-08 03:48:01,545 - INFO - 📋 Task 63/208 (Run 1/1)
2026-04-08 03:48:01,545 - INFO - ================================================================================
2026-04-08 03:48:01,545 - INFO - 🤖 BaseModel [custom-api-shubiaobiao-cn/doubao-seed-2-0-pro-260215] starting task: task_hle_02
2026-04-08 03:48:14,006 - INFO - HTTP Request: POST https://api.shubiaobiao.cn/v1/chat/completions "HTTP/1.1 403 Forbidden"
2026-04-08 03:48:22,732 - INFO - Agent bench-judge-qwen3-vl-plus-for-doubao-seed-2-0-pro-260215 already exists with correct workspace
2026-04-08 03:48:22,732 - INFO - Removed 1 old OpenClaw session transcripts for bench-judge-qwen3-vl-plus-for-doubao-seed-2-0-pro-260215
2026-04-08 03:48:57,767 - INFO - Found transcript via sessions.json: de7e4097-e1c3-4178-b6f9-4015abfd7151.jsonl (attempt 1)
2026-04-08 03:48:57,768 - INFO -    💾 Session backup saved: task_hle_02_run_35bc8e64-1.jsonl (3 entries, status=error)
2026-04-08 03:48:57,768 - INFO - ❌ Task task_hle_02: 0.0/1.0 (0%) - llm_judge
2026-04-08 03:48:57,768 - INFO -    Notes: Agent failed to provide any answer or reasoning; only attempted to write an empty file and produced no selection. Ground truth is D, but no answer was given.
2026-04-08 03:48:57,768 - INFO - 
================================================================================
2026-04-08 03:48:57,768 - INFO - 📋 Task 64/208 (Run 1/1)
2026-04-08 03:48:57,768 - INFO - ================================================================================
2026-04-08 03:48:57,768 - INFO - 🤖 BaseModel [custom-api-shubiaobiao-cn/doubao-seed-2-0-pro-260215] starting task: task_hle_03
2026-04-08 03:49:01,252 - INFO - HTTP Request: POST https://api.shubiaobiao.cn/v1/chat/completions "HTTP/1.1 403 Forbidden"
2026-04-08 03:49:06,712 - INFO - Agent bench-judge-qwen3-vl-plus-for-doubao-seed-2-0-pro-260215 already exists with correct workspace
2026-04-08 03:49:06,712 - INFO - Removed 1 old OpenClaw session transcripts for bench-judge-qwen3-vl-plus-for-doubao-seed-2-0-pro-260215
2026-04-08 03:49:13,975 - INFO - Found transcript via sessions.json: 107267fa-0263-4165-991b-bf444c2d6a7a.jsonl (attempt 1)
2026-04-08 03:49:13,976 - INFO -    💾 Session backup saved: task_hle_03_run_35bc8e64-1.jsonl (3 entries, status=error)
2026-04-08 03:49:13,976 - INFO - ❌ Task task_hle_03: 0.0/1.0 (0%) - llm_judge
2026-04-08 03:49:13,976 - INFO -    Notes: The agent failed to produce any answer or reasoning, and did not write to 'answer.txt' as required. The ground truth is C6, but no answer was provided.
2026-04-08 03:49:13,976 - INFO - 
================================================================================
2026-04-08 03:49:13,976 - INFO - 📋 Task 65/208 (Run 1/1)
2026-04-08 03:49:13,976 - INFO - ================================================================================
2026-04-08 03:49:13,976 - INFO - 🤖 BaseModel [custom-api-shubiaobiao-cn/doubao-seed-2-0-pro-260215] starting task: task_hle_04
2026-04-08 03:49:22,462 - INFO - HTTP Request: POST https://api.shubiaobiao.cn/v1/chat/completions "HTTP/1.1 403 Forbidden"
2026-04-08 03:49:30,008 - INFO - Agent bench-judge-qwen3-vl-plus-for-doubao-seed-2-0-pro-260215 already exists with correct workspace
2026-04-08 03:49:30,008 - INFO - Removed 1 old OpenClaw session transcripts for bench-judge-qwen3-vl-plus-for-doubao-seed-2-0-pro-260215
2026-04-08 03:49:36,111 - INFO - Found transcript via sessions.json: 571363b5-9287-4736-8bae-bcc8d42cb012.jsonl (attempt 1)
2026-04-08 03:49:36,111 - INFO -    💾 Session backup saved: task_hle_04_run_35bc8e64-1.jsonl (3 entries, status=error)
2026-04-08 03:49:36,111 - INFO - ❌ Task task_hle_04: 0.0/1.0 (0%) - llm_judge
2026-04-08 03:49:36,111 - INFO -    Notes: The agent did not produce any answer; it only attempted to write an empty file and failed. No reasoning or final answer was provided, so it does not match the ground truth 'No'.
2026-04-08 03:49:36,112 - INFO - 
================================================================================
2026-04-08 03:49:36,112 - INFO - 📋 Task 66/208 (Run 1/1)
2026-04-08 03:49:36,112 - INFO - ================================================================================
2026-04-08 03:49:36,112 - INFO - 🤖 BaseModel [custom-api-shubiaobiao-cn/doubao-seed-2-0-pro-260215] starting task: task_hle_05
2026-04-08 03:49:40,115 - INFO - HTTP Request: POST https://api.shubiaobiao.cn/v1/chat/completions "HTTP/1.1 403 Forbidden"
2026-04-08 03:49:47,627 - INFO - Agent bench-judge-qwen3-vl-plus-for-doubao-seed-2-0-pro-260215 already exists with correct workspace
2026-04-08 03:49:47,628 - INFO - Removed 1 old OpenClaw session transcripts for bench-judge-qwen3-vl-plus-for-doubao-seed-2-0-pro-260215
2026-04-08 03:50:18,706 - INFO - Found transcript via sessions.json: 27726419-66d6-4383-9474-83d9ef716db9.jsonl (attempt 1)
2026-04-08 03:50:18,707 - INFO -    💾 Session backup saved: task_hle_05_run_35bc8e64-1.jsonl (3 entries, status=error)
2026-04-08 03:50:18,707 - INFO - ✅ Task task_hle_05: 1.0/1.0 (100%) - llm_judge
2026-04-08 03:50:18,707 - INFO -    Notes: The agent correctly identified answer choice M (I, IV) as the best option, which matches the ground truth. The reasoning appropriately evaluated each statement: I (gradual taper without new medication
2026-04-08 03:50:18,707 - INFO - 
================================================================================
2026-04-08 03:50:18,707 - INFO - 📋 Task 67/208 (Run 1/1)
2026-04-08 03:50:18,707 - INFO - ================================================================================
2026-04-08 03:50:18,707 - INFO - 🤖 BaseModel [custom-api-shubiaobiao-cn/doubao-seed-2-0-pro-260215] starting task: task_hle_06
2026-04-08 03:50:21,761 - INFO - HTTP Request: POST https://api.shubiaobiao.cn/v1/chat/completions "HTTP/1.1 403 Forbidden"
2026-04-08 03:50:25,866 - INFO - Agent bench-judge-qwen3-vl-plus-for-doubao-seed-2-0-pro-260215 already exists with correct workspace
2026-04-08 03:50:25,866 - INFO - Removed 1 old OpenClaw session transcripts for bench-judge-qwen3-vl-plus-for-doubao-seed-2-0-pro-260215
2026-04-08 03:50:31,446 - INFO - Found transcript via sessions.json: 05a94ea8-a054-45c1-8962-bb7342a8c8d9.jsonl (attempt 1)
2026-04-08 03:50:31,447 - INFO -    💾 Session backup saved: task_hle_06_run_35bc8e64-1.jsonl (3 entries, status=error)
2026-04-08 03:50:31,447 - INFO - ❌ Task task_hle_06: 0.0/1.0 (0%) - llm_judge
2026-04-08 03:50:31,447 - INFO -    Notes: The agent did not produce any answer in the response; it only attempted to write an empty file and failed. No reasoning or final answer was provided, so it does not match the ground truth (6, 14, 15, 
2026-04-08 03:50:31,447 - INFO - 
================================================================================
2026-04-08 03:50:31,447 - INFO - 📋 Task 68/208 (Run 1/1)
2026-04-08 03:50:31,447 - INFO - ================================================================================
2026-04-08 03:50:31,447 - INFO - 🤖 BaseModel [custom-api-shubiaobiao-cn/doubao-seed-2-0-pro-260215] starting task: task_hle_07
2026-04-08 03:50:40,283 - INFO - HTTP Request: POST https://api.shubiaobiao.cn/v1/chat/completions "HTTP/1.1 403 Forbidden"
2026-04-08 03:50:51,909 - INFO - Agent bench-judge-qwen3-vl-plus-for-doubao-seed-2-0-pro-260215 already exists with correct workspace
2026-04-08 03:50:51,909 - INFO - Removed 1 old OpenClaw session transcripts for bench-judge-qwen3-vl-plus-for-doubao-seed-2-0-pro-260215
2026-04-08 03:50:57,451 - INFO - Found transcript via sessions.json: ad25de44-6534-4a44-9491-5ef29a38a987.jsonl (attempt 1)
2026-04-08 03:50:57,451 - INFO -    💾 Session backup saved: task_hle_07_run_35bc8e64-1.jsonl (3 entries, status=error)
2026-04-08 03:50:57,451 - INFO - ❌ Task task_hle_07: 0.0/1.0 (0%) - llm_judge
2026-04-08 03:50:57,451 - INFO -    Notes: The agent did not produce any answer or reasoning; it only attempted to write an empty file and failed. No molecular formula was provided, let alone the correct one (C23H22NO4+).
2026-04-08 03:50:57,451 - INFO - 
================================================================================
2026-04-08 03:50:57,451 - INFO - 📋 Task 69/208 (Run 1/1)
2026-04-08 03:50:57,451 - INFO - ================================================================================
2026-04-08 03:50:57,452 - INFO - 🤖 BaseModel [custom-api-shubiaobiao-cn/doubao-seed-2-0-pro-260215] starting task: task_hle_08
2026-04-08 03:51:00,330 - INFO - HTTP Request: POST https://api.shubiaobiao.cn/v1/chat/completions "HTTP/1.1 403 Forbidden"
2026-04-08 03:51:07,886 - INFO - Agent bench-judge-qwen3-vl-plus-for-doubao-seed-2-0-pro-260215 already exists with correct workspace
2026-04-08 03:51:07,887 - INFO - Removed 1 old OpenClaw session transcripts for bench-judge-qwen3-vl-plus-for-doubao-seed-2-0-pro-260215
2026-04-08 03:52:12,402 - INFO - Found transcript via sessions.json: 6a724c07-ed0e-4c9f-b13c-b8224f09200e.jsonl (attempt 1)
2026-04-08 03:52:12,403 - INFO -    💾 Session backup saved: task_hle_08_run_35bc8e64-1.jsonl (3 entries, status=error)
2026-04-08 03:52:12,403 - INFO - ✅ Task task_hle_08: 1.0/1.0 (100%) - llm_judge
2026-04-08 03:52:12,403 - INFO -    Notes: The agent correctly identified the true statements as ABCEFGIJKLN, which matches the ground truth answer exactly. The reasoning provided for each statement was accurate and comprehensive, covering Pyt
2026-04-08 03:52:12,403 - INFO - 
================================================================================
2026-04-08 03:52:12,403 - INFO - 📋 Task 70/208 (Run 1/1)
2026-04-08 03:52:12,403 - INFO - ================================================================================
2026-04-08 03:52:12,403 - INFO - 🤖 BaseModel [custom-api-shubiaobiao-cn/doubao-seed-2-0-pro-260215] starting task: task_hle_09
2026-04-08 03:52:17,128 - INFO - HTTP Request: POST https://api.shubiaobiao.cn/v1/chat/completions "HTTP/1.1 403 Forbidden"
2026-04-08 03:52:25,066 - INFO - Agent bench-judge-qwen3-vl-plus-for-doubao-seed-2-0-pro-260215 already exists with correct workspace
2026-04-08 03:52:25,066 - INFO - Removed 1 old OpenClaw session transcripts for bench-judge-qwen3-vl-plus-for-doubao-seed-2-0-pro-260215
2026-04-08 03:52:34,799 - INFO - Found transcript via sessions.json: f528e1a5-1b5c-4041-b432-59b77af77b7c.jsonl (attempt 1)
2026-04-08 03:52:34,799 - INFO -    💾 Session backup saved: task_hle_09_run_35bc8e64-1.jsonl (3 entries, status=error)
2026-04-08 03:52:34,799 - INFO - ❌ Task task_hle_09: 0.0/1.0 (0%) - llm_judge
2026-04-08 03:52:34,799 - INFO -    Notes: The agent failed to produce any answer or reasoning, and instead only attempted to write an empty file, which failed. The correct answer is I (Move to Jins Saba on D), but the agent did not output it.
2026-04-08 03:52:34,799 - INFO - 
================================================================================
2026-04-08 03:52:34,799 - INFO - 📋 Task 71/208 (Run 1/1)
2026-04-08 03:52:34,799 - INFO - ================================================================================
2026-04-08 03:52:34,799 - INFO - 🤖 BaseModel [custom-api-shubiaobiao-cn/doubao-seed-2-0-pro-260215] starting task: task_lexeval_00
2026-04-08 03:52:39,500 - INFO - HTTP Request: POST https://api.shubiaobiao.cn/v1/chat/completions "HTTP/1.1 403 Forbidden"
2026-04-08 03:52:39,501 - INFO -    💾 Session backup saved: task_lexeval_00_run_35bc8e64-1.jsonl (3 entries, status=error)
2026-04-08 03:52:39,501 - INFO - ❌ Task task_lexeval_00: 0.0/1.0 (0%) - automated
2026-04-08 03:52:39,501 - INFO - 
================================================================================
2026-04-08 03:52:39,501 - INFO - 📋 Task 72/208 (Run 1/1)
2026-04-08 03:52:39,501 - INFO - ================================================================================
2026-04-08 03:52:39,501 - INFO - 🤖 BaseModel [custom-api-shubiaobiao-cn/doubao-seed-2-0-pro-260215] starting task: task_lexeval_01
2026-04-08 03:52:55,179 - INFO - HTTP Request: POST https://api.shubiaobiao.cn/v1/chat/completions "HTTP/1.1 403 Forbidden"
2026-04-08 03:52:55,181 - INFO -    💾 Session backup saved: task_lexeval_01_run_35bc8e64-1.jsonl (3 entries, status=error)
2026-04-08 03:52:55,181 - INFO - ❌ Task task_lexeval_01: 0.0/1.0 (0%) - automated
2026-04-08 03:52:55,181 - INFO - 
================================================================================
2026-04-08 03:52:55,181 - INFO - 📋 Task 73/208 (Run 1/1)
2026-04-08 03:52:55,181 - INFO - ================================================================================
2026-04-08 03:52:55,181 - INFO - 🤖 BaseModel [custom-api-shubiaobiao-cn/doubao-seed-2-0-pro-260215] starting task: task_lexeval_02
2026-04-08 03:52:58,258 - INFO - HTTP Request: POST https://api.shubiaobiao.cn/v1/chat/completions "HTTP/1.1 403 Forbidden"
2026-04-08 03:52:58,259 - INFO -    💾 Session backup saved: task_lexeval_02_run_35bc8e64-1.jsonl (3 entries, status=error)
2026-04-08 03:52:58,259 - INFO - ❌ Task task_lexeval_02: 0.0/1.0 (0%) - automated
2026-04-08 03:52:58,259 - INFO - 
================================================================================
2026-04-08 03:52:58,259 - INFO - 📋 Task 74/208 (Run 1/1)
2026-04-08 03:52:58,259 - INFO - ================================================================================
2026-04-08 03:52:58,259 - INFO - 🤖 BaseModel [custom-api-shubiaobiao-cn/doubao-seed-2-0-pro-260215] starting task: task_lexeval_03
2026-04-08 03:53:01,263 - INFO - HTTP Request: POST https://api.shubiaobiao.cn/v1/chat/completions "HTTP/1.1 403 Forbidden"
2026-04-08 03:53:01,264 - INFO -    💾 Session backup saved: task_lexeval_03_run_35bc8e64-1.jsonl (3 entries, status=error)
2026-04-08 03:53:01,264 - INFO - ❌ Task task_lexeval_03: 0.0/1.0 (0%) - automated
2026-04-08 03:53:01,264 - INFO - 
================================================================================
2026-04-08 03:53:01,264 - INFO - 📋 Task 75/208 (Run 1/1)
2026-04-08 03:53:01,264 - INFO - ================================================================================
2026-04-08 03:53:01,264 - INFO - 🤖 BaseModel [custom-api-shubiaobiao-cn/doubao-seed-2-0-pro-260215] starting task: task_lexeval_04
2026-04-08 03:53:12,346 - INFO - HTTP Request: POST https://api.shubiaobiao.cn/v1/chat/completions "HTTP/1.1 403 Forbidden"
2026-04-08 03:53:12,347 - INFO -    💾 Session backup saved: task_lexeval_04_run_35bc8e64-1.jsonl (3 entries, status=error)
2026-04-08 03:53:12,348 - INFO - ❌ Task task_lexeval_04: 0.0/1.0 (0%) - automated
2026-04-08 03:53:12,348 - INFO - 
================================================================================
2026-04-08 03:53:12,348 - INFO - 📋 Task 76/208 (Run 1/1)
2026-04-08 03:53:12,348 - INFO - ================================================================================
2026-04-08 03:53:12,348 - INFO - 🤖 BaseModel [custom-api-shubiaobiao-cn/doubao-seed-2-0-pro-260215] starting task: task_lexeval_05
2026-04-08 03:53:19,381 - INFO - HTTP Request: POST https://api.shubiaobiao.cn/v1/chat/completions "HTTP/1.1 403 Forbidden"
2026-04-08 03:53:19,382 - INFO -    💾 Session backup saved: task_lexeval_05_run_35bc8e64-1.jsonl (3 entries, status=error)
2026-04-08 03:53:19,382 - INFO - ❌ Task task_lexeval_05: 0.0/1.0 (0%) - automated
2026-04-08 03:53:19,382 - INFO - 
================================================================================
2026-04-08 03:53:19,382 - INFO - 📋 Task 77/208 (Run 1/1)
2026-04-08 03:53:19,382 - INFO - ================================================================================
2026-04-08 03:53:19,383 - INFO - 🤖 BaseModel [custom-api-shubiaobiao-cn/doubao-seed-2-0-pro-260215] starting task: task_lexeval_06
2026-04-08 03:53:22,023 - INFO - HTTP Request: POST https://api.shubiaobiao.cn/v1/chat/completions "HTTP/1.1 403 Forbidden"
2026-04-08 03:53:22,024 - INFO -    💾 Session backup saved: task_lexeval_06_run_35bc8e64-1.jsonl (3 entries, status=error)
2026-04-08 03:53:22,024 - INFO - ❌ Task task_lexeval_06: 0.0/1.0 (0%) - automated
2026-04-08 03:53:22,024 - INFO - 
================================================================================
2026-04-08 03:53:22,024 - INFO - 📋 Task 78/208 (Run 1/1)
2026-04-08 03:53:22,024 - INFO - ================================================================================
2026-04-08 03:53:22,024 - INFO - 🤖 BaseModel [custom-api-shubiaobiao-cn/doubao-seed-2-0-pro-260215] starting task: task_lexeval_07
2026-04-08 03:53:24,933 - INFO - HTTP Request: POST https://api.shubiaobiao.cn/v1/chat/completions "HTTP/1.1 403 Forbidden"
2026-04-08 03:53:24,934 - INFO -    💾 Session backup saved: task_lexeval_07_run_35bc8e64-1.jsonl (3 entries, status=error)
2026-04-08 03:53:24,934 - INFO - ❌ Task task_lexeval_07: 0.0/1.0 (0%) - automated
2026-04-08 03:53:24,934 - INFO - 
================================================================================
2026-04-08 03:53:24,934 - INFO - 📋 Task 79/208 (Run 1/1)
2026-04-08 03:53:24,934 - INFO - ================================================================================
2026-04-08 03:53:24,934 - INFO - 🤖 BaseModel [custom-api-shubiaobiao-cn/doubao-seed-2-0-pro-260215] starting task: task_lexeval_08
2026-04-08 03:53:28,254 - INFO - HTTP Request: POST https://api.shubiaobiao.cn/v1/chat/completions "HTTP/1.1 403 Forbidden"
2026-04-08 03:53:28,256 - INFO -    💾 Session backup saved: task_lexeval_08_run_35bc8e64-1.jsonl (3 entries, status=error)
2026-04-08 03:53:28,256 - INFO - ❌ Task task_lexeval_08: 0.0/1.0 (0%) - automated
2026-04-08 03:53:28,256 - INFO - 
================================================================================
2026-04-08 03:53:28,256 - INFO - 📋 Task 80/208 (Run 1/1)
2026-04-08 03:53:28,256 - INFO - ================================================================================
2026-04-08 03:53:28,256 - INFO - 🤖 BaseModel [custom-api-shubiaobiao-cn/doubao-seed-2-0-pro-260215] starting task: task_lexeval_09
2026-04-08 03:53:39,716 - INFO - HTTP Request: POST https://api.shubiaobiao.cn/v1/chat/completions "HTTP/1.1 403 Forbidden"
2026-04-08 03:53:39,717 - INFO -    💾 Session backup saved: task_lexeval_09_run_35bc8e64-1.jsonl (3 entries, status=error)
2026-04-08 03:53:39,717 - INFO - ❌ Task task_lexeval_09: 0.0/1.0 (0%) - automated
2026-04-08 03:53:39,717 - INFO - 
================================================================================
2026-04-08 03:53:39,717 - INFO - 📋 Task 81/208 (Run 1/1)
2026-04-08 03:53:39,718 - INFO - ================================================================================
2026-04-08 03:53:39,718 - INFO - 🤖 BaseModel [custom-api-shubiaobiao-cn/doubao-seed-2-0-pro-260215] starting task: task_lexeval_10
2026-04-08 03:53:42,640 - INFO - HTTP Request: POST https://api.shubiaobiao.cn/v1/chat/completions "HTTP/1.1 403 Forbidden"
2026-04-08 03:53:42,641 - INFO -    💾 Session backup saved: task_lexeval_10_run_35bc8e64-1.jsonl (3 entries, status=error)
2026-04-08 03:53:42,641 - INFO - ❌ Task task_lexeval_10: 0.0/1.0 (0%) - automated
2026-04-08 03:53:42,641 - INFO - 
================================================================================
2026-04-08 03:53:42,641 - INFO - 📋 Task 82/208 (Run 1/1)
2026-04-08 03:53:42,642 - INFO - ================================================================================
2026-04-08 03:53:42,642 - INFO - 🤖 BaseModel [custom-api-shubiaobiao-cn/doubao-seed-2-0-pro-260215] starting task: task_lexeval_11
2026-04-08 03:53:48,922 - INFO - HTTP Request: POST https://api.shubiaobiao.cn/v1/chat/completions "HTTP/1.1 403 Forbidden"
2026-04-08 03:53:48,923 - INFO -    💾 Session backup saved: task_lexeval_11_run_35bc8e64-1.jsonl (3 entries, status=error)
2026-04-08 03:53:48,923 - INFO - ❌ Task task_lexeval_11: 0.0/1.0 (0%) - automated
2026-04-08 03:53:48,923 - INFO - 
================================================================================
2026-04-08 03:53:48,923 - INFO - 📋 Task 83/208 (Run 1/1)
2026-04-08 03:53:48,923 - INFO - ================================================================================
2026-04-08 03:53:48,923 - INFO - 🤖 BaseModel [custom-api-shubiaobiao-cn/doubao-seed-2-0-pro-260215] starting task: task_lexeval_12
2026-04-08 03:53:55,883 - INFO - HTTP Request: POST https://api.shubiaobiao.cn/v1/chat/completions "HTTP/1.1 403 Forbidden"
2026-04-08 03:53:55,884 - INFO -    💾 Session backup saved: task_lexeval_12_run_35bc8e64-1.jsonl (3 entries, status=error)
2026-04-08 03:53:55,884 - INFO - ❌ Task task_lexeval_12: 0.0/1.0 (0%) - automated
2026-04-08 03:53:55,884 - INFO - 
================================================================================
2026-04-08 03:53:55,884 - INFO - 📋 Task 84/208 (Run 1/1)
2026-04-08 03:53:55,885 - INFO - ================================================================================
2026-04-08 03:53:55,885 - INFO - 🤖 BaseModel [custom-api-shubiaobiao-cn/doubao-seed-2-0-pro-260215] starting task: task_lexeval_13
2026-04-08 03:53:58,532 - INFO - HTTP Request: POST https://api.shubiaobiao.cn/v1/chat/completions "HTTP/1.1 403 Forbidden"
2026-04-08 03:53:58,533 - INFO -    💾 Session backup saved: task_lexeval_13_run_35bc8e64-1.jsonl (3 entries, status=error)
2026-04-08 03:53:58,533 - INFO - ❌ Task task_lexeval_13: 0.0/1.0 (0%) - automated
2026-04-08 03:53:58,534 - INFO - 
================================================================================
2026-04-08 03:53:58,534 - INFO - 📋 Task 85/208 (Run 1/1)
2026-04-08 03:53:58,534 - INFO - ================================================================================
2026-04-08 03:53:58,534 - INFO - 🤖 BaseModel [custom-api-shubiaobiao-cn/doubao-seed-2-0-pro-260215] starting task: task_lexeval_14
2026-04-08 03:54:01,753 - INFO - HTTP Request: POST https://api.shubiaobiao.cn/v1/chat/completions "HTTP/1.1 403 Forbidden"
2026-04-08 03:54:01,755 - INFO -    💾 Session backup saved: task_lexeval_14_run_35bc8e64-1.jsonl (3 entries, status=error)
2026-04-08 03:54:01,755 - INFO - ❌ Task task_lexeval_14: 0.0/1.0 (0%) - automated
2026-04-08 03:54:01,755 - INFO - 
================================================================================
2026-04-08 03:54:01,755 - INFO - 📋 Task 86/208 (Run 1/1)
2026-04-08 03:54:01,755 - INFO - ================================================================================
2026-04-08 03:54:01,755 - INFO - 🤖 BaseModel [custom-api-shubiaobiao-cn/doubao-seed-2-0-pro-260215] starting task: task_lexeval_15
2026-04-08 03:54:12,449 - INFO - HTTP Request: POST https://api.shubiaobiao.cn/v1/chat/completions "HTTP/1.1 403 Forbidden"
2026-04-08 03:54:12,450 - INFO -    💾 Session backup saved: task_lexeval_15_run_35bc8e64-1.jsonl (3 entries, status=error)
2026-04-08 03:54:12,451 - INFO - ❌ Task task_lexeval_15: 0.0/1.0 (0%) - automated
2026-04-08 03:54:12,451 - INFO - 
================================================================================
2026-04-08 03:54:12,451 - INFO - 📋 Task 87/208 (Run 1/1)
2026-04-08 03:54:12,451 - INFO - ================================================================================
2026-04-08 03:54:12,451 - INFO - 🤖 BaseModel [custom-api-shubiaobiao-cn/doubao-seed-2-0-pro-260215] starting task: task_lexeval_16
2026-04-08 03:54:27,865 - INFO - HTTP Request: POST https://api.shubiaobiao.cn/v1/chat/completions "HTTP/1.1 403 Forbidden"
2026-04-08 03:54:27,866 - INFO -    💾 Session backup saved: task_lexeval_16_run_35bc8e64-1.jsonl (3 entries, status=error)
2026-04-08 03:54:27,866 - INFO - ❌ Task task_lexeval_16: 0.0/1.0 (0%) - automated
2026-04-08 03:54:27,866 - INFO - 
================================================================================
2026-04-08 03:54:27,866 - INFO - 📋 Task 88/208 (Run 1/1)
2026-04-08 03:54:27,866 - INFO - ================================================================================
2026-04-08 03:54:27,866 - INFO - 🤖 BaseModel [custom-api-shubiaobiao-cn/doubao-seed-2-0-pro-260215] starting task: task_lexeval_17
2026-04-08 03:54:30,570 - INFO - HTTP Request: POST https://api.shubiaobiao.cn/v1/chat/completions "HTTP/1.1 403 Forbidden"
2026-04-08 03:54:30,571 - INFO -    💾 Session backup saved: task_lexeval_17_run_35bc8e64-1.jsonl (3 entries, status=error)
2026-04-08 03:54:30,571 - INFO - ❌ Task task_lexeval_17: 0.0/1.0 (0%) - automated
2026-04-08 03:54:30,571 - INFO - 
================================================================================
2026-04-08 03:54:30,571 - INFO - 📋 Task 89/208 (Run 1/1)
2026-04-08 03:54:30,571 - INFO - ================================================================================
2026-04-08 03:54:30,571 - INFO - 🤖 BaseModel [custom-api-shubiaobiao-cn/doubao-seed-2-0-pro-260215] starting task: task_lexeval_18
2026-04-08 03:54:33,772 - INFO - HTTP Request: POST https://api.shubiaobiao.cn/v1/chat/completions "HTTP/1.1 403 Forbidden"
2026-04-08 03:54:33,773 - INFO -    💾 Session backup saved: task_lexeval_18_run_35bc8e64-1.jsonl (3 entries, status=error)
2026-04-08 03:54:33,773 - INFO - ❌ Task task_lexeval_18: 0.0/1.0 (0%) - automated
2026-04-08 03:54:33,773 - INFO - 
================================================================================
2026-04-08 03:54:33,773 - INFO - 📋 Task 90/208 (Run 1/1)
2026-04-08 03:54:33,773 - INFO - ================================================================================
2026-04-08 03:54:33,773 - INFO - 🤖 BaseModel [custom-api-shubiaobiao-cn/doubao-seed-2-0-pro-260215] starting task: task_lexeval_19
2026-04-08 03:54:39,884 - INFO - HTTP Request: POST https://api.shubiaobiao.cn/v1/chat/completions "HTTP/1.1 403 Forbidden"
2026-04-08 03:54:39,885 - INFO -    💾 Session backup saved: task_lexeval_19_run_35bc8e64-1.jsonl (3 entries, status=error)
2026-04-08 03:54:39,885 - INFO - ❌ Task task_lexeval_19: 0.0/1.0 (0%) - automated
2026-04-08 03:54:39,885 - INFO - 
================================================================================
2026-04-08 03:54:39,885 - INFO - 📋 Task 91/208 (Run 1/1)
2026-04-08 03:54:39,885 - INFO - ================================================================================
2026-04-08 03:54:39,885 - INFO - 🤖 BaseModel [custom-api-shubiaobiao-cn/doubao-seed-2-0-pro-260215] starting task: task_logiqa_00
2026-04-08 03:54:42,764 - INFO - HTTP Request: POST https://api.shubiaobiao.cn/v1/chat/completions "HTTP/1.1 403 Forbidden"
2026-04-08 03:54:42,765 - INFO -    💾 Session backup saved: task_logiqa_00_run_35bc8e64-1.jsonl (3 entries, status=error)
2026-04-08 03:54:42,765 - INFO - ❌ Task task_logiqa_00: 0.0/1.0 (0%) - automated
2026-04-08 03:54:42,765 - INFO - 
================================================================================
2026-04-08 03:54:42,765 - INFO - 📋 Task 92/208 (Run 1/1)
2026-04-08 03:54:42,765 - INFO - ================================================================================
2026-04-08 03:54:42,765 - INFO - 🤖 BaseModel [custom-api-shubiaobiao-cn/doubao-seed-2-0-pro-260215] starting task: task_logiqa_01
2026-04-08 03:54:45,649 - INFO - HTTP Request: POST https://api.shubiaobiao.cn/v1/chat/completions "HTTP/1.1 403 Forbidden"
2026-04-08 03:54:45,650 - INFO -    💾 Session backup saved: task_logiqa_01_run_35bc8e64-1.jsonl (3 entries, status=error)
2026-04-08 03:54:45,650 - INFO - ❌ Task task_logiqa_01: 0.0/1.0 (0%) - automated
2026-04-08 03:54:45,650 - INFO - 
================================================================================
2026-04-08 03:54:45,650 - INFO - 📋 Task 93/208 (Run 1/1)
2026-04-08 03:54:45,650 - INFO - ================================================================================
2026-04-08 03:54:45,650 - INFO - 🤖 BaseModel [custom-api-shubiaobiao-cn/doubao-seed-2-0-pro-260215] starting task: task_logiqa_02
2026-04-08 03:54:52,450 - INFO - HTTP Request: POST https://api.shubiaobiao.cn/v1/chat/completions "HTTP/1.1 403 Forbidden"
2026-04-08 03:54:52,451 - INFO -    💾 Session backup saved: task_logiqa_02_run_35bc8e64-1.jsonl (3 entries, status=error)
2026-04-08 03:54:52,451 - INFO - ❌ Task task_logiqa_02: 0.0/1.0 (0%) - automated
2026-04-08 03:54:52,451 - INFO - 
================================================================================
2026-04-08 03:54:52,451 - INFO - 📋 Task 94/208 (Run 1/1)
2026-04-08 03:54:52,451 - INFO - ================================================================================
2026-04-08 03:54:52,451 - INFO - 🤖 BaseModel [custom-api-shubiaobiao-cn/doubao-seed-2-0-pro-260215] starting task: task_logiqa_03
2026-04-08 03:54:55,460 - INFO - HTTP Request: POST https://api.shubiaobiao.cn/v1/chat/completions "HTTP/1.1 403 Forbidden"
2026-04-08 03:54:55,461 - INFO -    💾 Session backup saved: task_logiqa_03_run_35bc8e64-1.jsonl (3 entries, status=error)
2026-04-08 03:54:55,461 - INFO - ❌ Task task_logiqa_03: 0.0/1.0 (0%) - automated
2026-04-08 03:54:55,461 - INFO - 
================================================================================
2026-04-08 03:54:55,461 - INFO - 📋 Task 95/208 (Run 1/1)
2026-04-08 03:54:55,461 - INFO - ================================================================================
2026-04-08 03:54:55,461 - INFO - 🤖 BaseModel [custom-api-shubiaobiao-cn/doubao-seed-2-0-pro-260215] starting task: task_logiqa_04
2026-04-08 03:54:58,469 - INFO - HTTP Request: POST https://api.shubiaobiao.cn/v1/chat/completions "HTTP/1.1 403 Forbidden"
2026-04-08 03:54:58,470 - INFO -    💾 Session backup saved: task_logiqa_04_run_35bc8e64-1.jsonl (3 entries, status=error)
2026-04-08 03:54:58,470 - INFO - ❌ Task task_logiqa_04: 0.0/1.0 (0%) - automated
2026-04-08 03:54:58,470 - INFO - 
================================================================================
2026-04-08 03:54:58,470 - INFO - 📋 Task 96/208 (Run 1/1)
2026-04-08 03:54:58,470 - INFO - ================================================================================
2026-04-08 03:54:58,470 - INFO - 🤖 BaseModel [custom-api-shubiaobiao-cn/doubao-seed-2-0-pro-260215] starting task: task_logiqa_05
2026-04-08 03:55:01,334 - INFO - HTTP Request: POST https://api.shubiaobiao.cn/v1/chat/completions "HTTP/1.1 403 Forbidden"
2026-04-08 03:55:01,336 - INFO -    💾 Session backup saved: task_logiqa_05_run_35bc8e64-1.jsonl (3 entries, status=error)
2026-04-08 03:55:01,336 - INFO - ❌ Task task_logiqa_05: 0.0/1.0 (0%) - automated
2026-04-08 03:55:01,336 - INFO - 
================================================================================
2026-04-08 03:55:01,336 - INFO - 📋 Task 97/208 (Run 1/1)
2026-04-08 03:55:01,336 - INFO - ================================================================================
2026-04-08 03:55:01,336 - INFO - 🤖 BaseModel [custom-api-shubiaobiao-cn/doubao-seed-2-0-pro-260215] starting task: task_logiqa_06
2026-04-08 03:55:07,544 - INFO - HTTP Request: POST https://api.shubiaobiao.cn/v1/chat/completions "HTTP/1.1 403 Forbidden"
2026-04-08 03:55:07,545 - INFO -    💾 Session backup saved: task_logiqa_06_run_35bc8e64-1.jsonl (3 entries, status=error)
2026-04-08 03:55:07,545 - INFO - ❌ Task task_logiqa_06: 0.0/1.0 (0%) - automated
2026-04-08 03:55:07,545 - INFO - 
================================================================================
2026-04-08 03:55:07,545 - INFO - 📋 Task 98/208 (Run 1/1)
2026-04-08 03:55:07,545 - INFO - ================================================================================
2026-04-08 03:55:07,545 - INFO - 🤖 BaseModel [custom-api-shubiaobiao-cn/doubao-seed-2-0-pro-260215] starting task: task_logiqa_07
2026-04-08 03:55:10,505 - INFO - HTTP Request: POST https://api.shubiaobiao.cn/v1/chat/completions "HTTP/1.1 403 Forbidden"
2026-04-08 03:55:10,507 - INFO -    💾 Session backup saved: task_logiqa_07_run_35bc8e64-1.jsonl (3 entries, status=error)
2026-04-08 03:55:10,507 - INFO - ❌ Task task_logiqa_07: 0.0/1.0 (0%) - automated
2026-04-08 03:55:10,507 - INFO - 
================================================================================
2026-04-08 03:55:10,507 - INFO - 📋 Task 99/208 (Run 1/1)
2026-04-08 03:55:10,507 - INFO - ================================================================================
2026-04-08 03:55:10,507 - INFO - 🤖 BaseModel [custom-api-shubiaobiao-cn/doubao-seed-2-0-pro-260215] starting task: task_logiqa_08
2026-04-08 03:55:16,770 - INFO - HTTP Request: POST https://api.shubiaobiao.cn/v1/chat/completions "HTTP/1.1 403 Forbidden"
2026-04-08 03:55:16,771 - INFO -    💾 Session backup saved: task_logiqa_08_run_35bc8e64-1.jsonl (3 entries, status=error)
2026-04-08 03:55:16,771 - INFO - ❌ Task task_logiqa_08: 0.0/1.0 (0%) - automated
2026-04-08 03:55:16,771 - INFO - 
================================================================================
2026-04-08 03:55:16,771 - INFO - 📋 Task 100/208 (Run 1/1)
2026-04-08 03:55:16,771 - INFO - ================================================================================
2026-04-08 03:55:16,771 - INFO - 🤖 BaseModel [custom-api-shubiaobiao-cn/doubao-seed-2-0-pro-260215] starting task: task_logiqa_09
2026-04-08 03:55:19,749 - INFO - HTTP Request: POST https://api.shubiaobiao.cn/v1/chat/completions "HTTP/1.1 403 Forbidden"
2026-04-08 03:55:19,750 - INFO -    💾 Session backup saved: task_logiqa_09_run_35bc8e64-1.jsonl (3 entries, status=error)
2026-04-08 03:55:19,750 - INFO - ❌ Task task_logiqa_09: 0.0/1.0 (0%) - automated
2026-04-08 03:55:19,750 - INFO - 
================================================================================
2026-04-08 03:55:19,750 - INFO - 📋 Task 101/208 (Run 1/1)
2026-04-08 03:55:19,750 - INFO - ================================================================================
2026-04-08 03:55:19,750 - INFO - 🤖 BaseModel [custom-api-shubiaobiao-cn/doubao-seed-2-0-pro-260215] starting task: task_longbench_00
2026-04-08 03:55:25,592 - INFO - HTTP Request: POST https://api.shubiaobiao.cn/v1/chat/completions "HTTP/1.1 403 Forbidden"
2026-04-08 03:55:29,771 - INFO - Agent bench-judge-qwen3-vl-plus-for-doubao-seed-2-0-pro-260215 already exists with correct workspace
2026-04-08 03:55:29,771 - INFO - Removed 1 old OpenClaw session transcripts for bench-judge-qwen3-vl-plus-for-doubao-seed-2-0-pro-260215
2026-04-08 03:55:46,287 - INFO - Found transcript via sessions.json: a7c1459b-0bbe-4689-a022-a2ded5fff21c.jsonl (attempt 1)
2026-04-08 03:55:46,288 - INFO -    💾 Session backup saved: task_longbench_00_run_35bc8e64-1.jsonl (3 entries, status=error)
2026-04-08 03:55:46,288 - INFO - ✅ Task task_longbench_00: 1.0/1.0 (100%) - llm_judge
2026-04-08 03:55:46,288 - INFO -    Notes: The agent correctly identified (A) as the answer, matching the ground truth. It provided sound reasoning based on Tesla Model 3 emergency procedures, even though context.txt was missing, and concluded
2026-04-08 03:55:46,288 - INFO - 
================================================================================
2026-04-08 03:55:46,288 - INFO - 📋 Task 102/208 (Run 1/1)
2026-04-08 03:55:46,288 - INFO - ================================================================================
2026-04-08 03:55:46,288 - INFO - 🤖 BaseModel [custom-api-shubiaobiao-cn/doubao-seed-2-0-pro-260215] starting task: task_longbench_01
2026-04-08 03:55:55,038 - INFO - HTTP Request: POST https://api.shubiaobiao.cn/v1/chat/completions "HTTP/1.1 403 Forbidden"
2026-04-08 03:55:59,454 - INFO - Agent bench-judge-qwen3-vl-plus-for-doubao-seed-2-0-pro-260215 already exists with correct workspace
2026-04-08 03:55:59,455 - INFO - Removed 1 old OpenClaw session transcripts for bench-judge-qwen3-vl-plus-for-doubao-seed-2-0-pro-260215
2026-04-08 03:57:17,457 - INFO - Found transcript via sessions.json: 09193241-ea29-46c3-859a-358f5db8d73f.jsonl (attempt 1)
2026-04-08 03:57:17,458 - INFO -    💾 Session backup saved: task_longbench_01_run_35bc8e64-1.jsonl (3 entries, status=error)
2026-04-08 03:57:17,459 - INFO - ✅ Task task_longbench_01: 1.0/1.0 (100%) - llm_judge
2026-04-08 03:57:17,459 - INFO -    Notes: The agent correctly identified option (C) as the answer, matching the ground truth. The reasoning was comprehensive, addressed all constraints (limited fiscal space, underdeveloped infrastructure, wor
2026-04-08 03:57:17,459 - INFO - 
================================================================================
2026-04-08 03:57:17,459 - INFO - 📋 Task 103/208 (Run 1/1)
2026-04-08 03:57:17,459 - INFO - ================================================================================
2026-04-08 03:57:17,459 - INFO - 🤖 BaseModel [custom-api-shubiaobiao-cn/doubao-seed-2-0-pro-260215] starting task: task_longbench_02
2026-04-08 03:57:21,279 - INFO - HTTP Request: POST https://api.shubiaobiao.cn/v1/chat/completions "HTTP/1.1 403 Forbidden"
2026-04-08 03:57:25,317 - INFO - Agent bench-judge-qwen3-vl-plus-for-doubao-seed-2-0-pro-260215 already exists with correct workspace
2026-04-08 03:57:25,318 - INFO - Removed 1 old OpenClaw session transcripts for bench-judge-qwen3-vl-plus-for-doubao-seed-2-0-pro-260215
2026-04-08 03:57:45,367 - INFO - Found transcript via sessions.json: 4a59d956-5aed-4b08-9741-418dfad86c7c.jsonl (attempt 1)
2026-04-08 03:57:45,368 - INFO -    💾 Session backup saved: task_longbench_02_run_35bc8e64-1.jsonl (3 entries, status=error)
2026-04-08 03:57:45,368 - INFO - ✅ Task task_longbench_02: 1.0/1.0 (100%) - llm_judge
2026-04-08 03:57:45,368 - INFO -    Notes: The agent correctly identified (B) as the answer, which matches the ground truth. The reasoning acknowledged the context limitation but applied appropriate legal knowledge about Roe v. Wade and Dobbs,
2026-04-08 03:57:45,369 - INFO - 
================================================================================
2026-04-08 03:57:45,369 - INFO - 📋 Task 104/208 (Run 1/1)
2026-04-08 03:57:45,369 - INFO - ================================================================================
2026-04-08 03:57:45,369 - INFO - 🤖 BaseModel [custom-api-shubiaobiao-cn/doubao-seed-2-0-pro-260215] starting task: task_longbench_03
2026-04-08 03:57:58,536 - INFO - HTTP Request: POST https://api.shubiaobiao.cn/v1/chat/completions "HTTP/1.1 403 Forbidden"
2026-04-08 03:58:18,304 - INFO - Agent bench-judge-qwen3-vl-plus-for-doubao-seed-2-0-pro-260215 already exists with correct workspace
2026-04-08 03:58:18,304 - INFO - Removed 1 old OpenClaw session transcripts for bench-judge-qwen3-vl-plus-for-doubao-seed-2-0-pro-260215
2026-04-08 03:59:01,416 - INFO - Found transcript via sessions.json: 11b3f896-a9e2-4be9-8352-fb7c45b61843.jsonl (attempt 1)
2026-04-08 03:59:01,417 - INFO -    💾 Session backup saved: task_longbench_03_run_35bc8e64-1.jsonl (3 entries, status=error)
2026-04-08 03:59:01,417 - INFO - ✅ Task task_longbench_03: 1.0/1.0 (100%) - llm_judge
2026-04-08 03:59:01,417 - INFO -    Notes: The agent correctly identified (C) as the answer, which matches the Ground Truth Answer provided in the prompt.
2026-04-08 03:59:01,418 - INFO - 
================================================================================
2026-04-08 03:59:01,418 - INFO - 📋 Task 105/208 (Run 1/1)
2026-04-08 03:59:01,418 - INFO - ================================================================================
2026-04-08 03:59:01,418 - INFO - 🤖 BaseModel [custom-api-shubiaobiao-cn/doubao-seed-2-0-pro-260215] starting task: task_longbench_04
2026-04-08 03:59:09,138 - INFO - HTTP Request: POST https://api.shubiaobiao.cn/v1/chat/completions "HTTP/1.1 403 Forbidden"
2026-04-08 03:59:15,163 - INFO - Agent bench-judge-qwen3-vl-plus-for-doubao-seed-2-0-pro-260215 already exists with correct workspace
2026-04-08 03:59:15,163 - INFO - Removed 1 old OpenClaw session transcripts for bench-judge-qwen3-vl-plus-for-doubao-seed-2-0-pro-260215
2026-04-08 03:59:53,343 - INFO - Found transcript via sessions.json: bfc63a6a-610a-4ad3-9906-9e78971f101a.jsonl (attempt 1)
2026-04-08 03:59:53,344 - INFO -    💾 Session backup saved: task_longbench_04_run_35bc8e64-1.jsonl (3 entries, status=error)
2026-04-08 03:59:53,344 - INFO - ✅ Task task_longbench_04: 1.0/1.0 (100%) - llm_judge
2026-04-08 03:59:53,344 - INFO -    Notes: The agent correctly identified (B) as the answer, which matches the ground truth. The reasoning was thorough, analyzing the Zhuang sentence components and explaining why (B) is correct while the other
2026-04-08 03:59:53,344 - INFO - 
================================================================================
2026-04-08 03:59:53,344 - INFO - 📋 Task 106/208 (Run 1/1)
2026-04-08 03:59:53,344 - INFO - ================================================================================
2026-04-08 03:59:53,344 - INFO - 🤖 BaseModel [custom-api-shubiaobiao-cn/doubao-seed-2-0-pro-260215] starting task: task_longbench_05
2026-04-08 03:59:57,729 - INFO - HTTP Request: POST https://api.shubiaobiao.cn/v1/chat/completions "HTTP/1.1 403 Forbidden"
2026-04-08 04:00:01,903 - INFO - Agent bench-judge-qwen3-vl-plus-for-doubao-seed-2-0-pro-260215 already exists with correct workspace
2026-04-08 04:00:01,904 - INFO - Removed 1 old OpenClaw session transcripts for bench-judge-qwen3-vl-plus-for-doubao-seed-2-0-pro-260215
2026-04-08 04:00:21,225 - INFO - Found transcript via sessions.json: 9d89b621-fd45-4018-9d9e-101b21fe6e80.jsonl (attempt 1)
2026-04-08 04:00:21,225 - INFO -    💾 Session backup saved: task_longbench_05_run_35bc8e64-1.jsonl (3 entries, status=error)
2026-04-08 04:00:21,226 - INFO - ✅ Task task_longbench_05: 1.0/1.0 (100%) - llm_judge
2026-04-08 04:00:21,226 - INFO -    Notes: The agent's final answer explicitly states '(B)' as correct, matching the ground truth. Although the context.txt file was missing and the agent couldn't read it, the instruction allowed using 'availab
2026-04-08 04:00:21,226 - INFO - 
================================================================================
2026-04-08 04:00:21,226 - INFO - 📋 Task 107/208 (Run 1/1)
2026-04-08 04:00:21,226 - INFO - ================================================================================
2026-04-08 04:00:21,226 - INFO - 🤖 BaseModel [custom-api-shubiaobiao-cn/doubao-seed-2-0-pro-260215] starting task: task_longbench_06
2026-04-08 04:00:35,856 - INFO - HTTP Request: POST https://api.shubiaobiao.cn/v1/chat/completions "HTTP/1.1 403 Forbidden"
2026-04-08 04:00:44,454 - INFO - Agent bench-judge-qwen3-vl-plus-for-doubao-seed-2-0-pro-260215 already exists with correct workspace
2026-04-08 04:00:44,454 - INFO - Removed 1 old OpenClaw session transcripts for bench-judge-qwen3-vl-plus-for-doubao-seed-2-0-pro-260215
2026-04-08 04:01:13,217 - INFO - Found transcript via sessions.json: 64995393-9361-45f8-874d-c04a32414970.jsonl (attempt 1)
2026-04-08 04:01:13,218 - INFO -    💾 Session backup saved: task_longbench_06_run_35bc8e64-1.jsonl (3 entries, status=error)
2026-04-08 04:01:13,218 - INFO - ❌ Task task_longbench_06: 0.0/1.0 (0%) - llm_judge
2026-04-08 04:01:13,218 - INFO -    Notes: Agent did not produce any response or complete the required task of reading context.txt, analyzing choices, and writing answer to answer.txt. No reasoning or final answer was provided.
2026-04-08 04:01:13,218 - INFO - 
================================================================================
2026-04-08 04:01:13,218 - INFO - 📋 Task 108/208 (Run 1/1)
2026-04-08 04:01:13,218 - INFO - ================================================================================
2026-04-08 04:01:13,218 - INFO - 🤖 BaseModel [custom-api-shubiaobiao-cn/doubao-seed-2-0-pro-260215] starting task: task_longbench_07
2026-04-08 04:01:17,489 - INFO - HTTP Request: POST https://api.shubiaobiao.cn/v1/chat/completions "HTTP/1.1 403 Forbidden"
2026-04-08 04:01:25,265 - INFO - Agent bench-judge-qwen3-vl-plus-for-doubao-seed-2-0-pro-260215 already exists with correct workspace
2026-04-08 04:01:25,265 - INFO - Removed 1 old OpenClaw session transcripts for bench-judge-qwen3-vl-plus-for-doubao-seed-2-0-pro-260215
2026-04-08 04:01:34,533 - INFO - Found transcript via sessions.json: 97066ae1-4a17-4ff3-ab28-234cc5c44aef.jsonl (attempt 1)
2026-04-08 04:01:34,535 - INFO -    💾 Session backup saved: task_longbench_07_run_35bc8e64-1.jsonl (3 entries, status=error)
2026-04-08 04:01:34,535 - INFO - ❌ Task task_longbench_07: 0.0/1.0 (0%) - llm_judge
2026-04-08 04:01:34,535 - INFO -    Notes: Agent failed to read context.txt (file not found) and did not produce a valid answer; ground truth is (A), but agent output was incomplete/invalid.
2026-04-08 04:01:34,535 - INFO - 
================================================================================
2026-04-08 04:01:34,535 - INFO - 📋 Task 109/208 (Run 1/1)
2026-04-08 04:01:34,535 - INFO - ================================================================================
2026-04-08 04:01:34,535 - INFO - 🤖 BaseModel [custom-api-shubiaobiao-cn/doubao-seed-2-0-pro-260215] starting task: task_longbench_08
2026-04-08 04:01:39,025 - INFO - HTTP Request: POST https://api.shubiaobiao.cn/v1/chat/completions "HTTP/1.1 403 Forbidden"
2026-04-08 04:01:49,199 - INFO - Agent bench-judge-qwen3-vl-plus-for-doubao-seed-2-0-pro-260215 already exists with correct workspace
2026-04-08 04:01:49,199 - INFO - Removed 1 old OpenClaw session transcripts for bench-judge-qwen3-vl-plus-for-doubao-seed-2-0-pro-260215
2026-04-08 04:02:16,858 - INFO - Found transcript via sessions.json: 0b5df85a-5510-4e4b-bfb3-2e47c13f6b02.jsonl (attempt 1)
2026-04-08 04:02:16,859 - INFO -    💾 Session backup saved: task_longbench_08_run_35bc8e64-1.jsonl (3 entries, status=error)
2026-04-08 04:02:16,859 - INFO - ❌ Task task_longbench_08: 0.0/1.0 (0%) - llm_judge
2026-04-08 04:02:16,859 - INFO -    Notes: The agent incorrectly selected (C) as the answer, but the ground truth answer is (A). The question specifically asks for a significant challenge in adapting ITI for broader application, but option (A)
2026-04-08 04:02:16,859 - INFO - 
================================================================================
2026-04-08 04:02:16,859 - INFO - 📋 Task 110/208 (Run 1/1)
2026-04-08 04:02:16,859 - INFO - ================================================================================
2026-04-08 04:02:16,859 - INFO - 🤖 BaseModel [custom-api-shubiaobiao-cn/doubao-seed-2-0-pro-260215] starting task: task_longbench_09
2026-04-08 04:02:24,240 - INFO - HTTP Request: POST https://api.shubiaobiao.cn/v1/chat/completions "HTTP/1.1 403 Forbidden"
2026-04-08 04:02:29,638 - INFO - Agent bench-judge-qwen3-vl-plus-for-doubao-seed-2-0-pro-260215 already exists with correct workspace
2026-04-08 04:02:29,639 - INFO - Removed 1 old OpenClaw session transcripts for bench-judge-qwen3-vl-plus-for-doubao-seed-2-0-pro-260215
2026-04-08 04:02:52,294 - INFO - Found transcript via sessions.json: 2c115ba4-4f61-415e-a86f-493eada369ff.jsonl (attempt 1)
2026-04-08 04:02:52,295 - INFO -    💾 Session backup saved: task_longbench_09_run_35bc8e64-1.jsonl (3 entries, status=error)
2026-04-08 04:02:52,295 - INFO - ❌ Task task_longbench_09: 0.0/1.0 (0%) - llm_judge
2026-04-08 04:02:52,295 - INFO -    Notes: The agent did not provide any answer in the required format. The transcript shows the agent attempted to write an empty answer.txt file which failed, and there is no evidence the agent produced step-b
2026-04-08 04:02:52,295 - INFO - 
================================================================================
2026-04-08 04:02:52,295 - INFO - 📋 Task 111/208 (Run 1/1)
2026-04-08 04:02:52,295 - INFO - ================================================================================
2026-04-08 04:02:52,295 - INFO - 🤖 BaseModel [custom-api-shubiaobiao-cn/doubao-seed-2-0-pro-260215] starting task: task_medxpertqa_00
2026-04-08 04:02:57,260 - INFO - HTTP Request: POST https://api.shubiaobiao.cn/v1/chat/completions "HTTP/1.1 403 Forbidden"
2026-04-08 04:02:57,261 - INFO -    💾 Session backup saved: task_medxpertqa_00_run_35bc8e64-1.jsonl (3 entries, status=error)
2026-04-08 04:02:57,261 - INFO - ❌ Task task_medxpertqa_00: 0.0/1.0 (0%) - automated
2026-04-08 04:02:57,261 - INFO - 
================================================================================
2026-04-08 04:02:57,261 - INFO - 📋 Task 112/208 (Run 1/1)
2026-04-08 04:02:57,261 - INFO - ================================================================================
2026-04-08 04:02:57,261 - INFO - 🤖 BaseModel [custom-api-shubiaobiao-cn/doubao-seed-2-0-pro-260215] starting task: task_medxpertqa_01
2026-04-08 04:03:00,674 - INFO - HTTP Request: POST https://api.shubiaobiao.cn/v1/chat/completions "HTTP/1.1 403 Forbidden"
2026-04-08 04:03:00,675 - INFO -    💾 Session backup saved: task_medxpertqa_01_run_35bc8e64-1.jsonl (3 entries, status=error)
2026-04-08 04:03:00,675 - INFO - ❌ Task task_medxpertqa_01: 0.0/1.0 (0%) - automated
2026-04-08 04:03:00,675 - INFO - 
================================================================================
2026-04-08 04:03:00,675 - INFO - 📋 Task 113/208 (Run 1/1)
2026-04-08 04:03:00,675 - INFO - ================================================================================
2026-04-08 04:03:00,676 - INFO - 🤖 BaseModel [custom-api-shubiaobiao-cn/doubao-seed-2-0-pro-260215] starting task: task_medxpertqa_02
2026-04-08 04:03:04,528 - INFO - HTTP Request: POST https://api.shubiaobiao.cn/v1/chat/completions "HTTP/1.1 403 Forbidden"
2026-04-08 04:03:04,529 - INFO -    💾 Session backup saved: task_medxpertqa_02_run_35bc8e64-1.jsonl (3 entries, status=error)
2026-04-08 04:03:04,529 - INFO - ❌ Task task_medxpertqa_02: 0.0/1.0 (0%) - automated
2026-04-08 04:03:04,529 - INFO - 
================================================================================
2026-04-08 04:03:04,529 - INFO - 📋 Task 114/208 (Run 1/1)
2026-04-08 04:03:04,529 - INFO - ================================================================================
2026-04-08 04:03:04,529 - INFO - 🤖 BaseModel [custom-api-shubiaobiao-cn/doubao-seed-2-0-pro-260215] starting task: task_medxpertqa_03
2026-04-08 04:03:17,022 - INFO - HTTP Request: POST https://api.shubiaobiao.cn/v1/chat/completions "HTTP/1.1 403 Forbidden"
2026-04-08 04:03:17,023 - INFO -    💾 Session backup saved: task_medxpertqa_03_run_35bc8e64-1.jsonl (3 entries, status=error)
2026-04-08 04:03:17,023 - INFO - ❌ Task task_medxpertqa_03: 0.0/1.0 (0%) - automated
2026-04-08 04:03:17,023 - INFO - 
================================================================================
2026-04-08 04:03:17,023 - INFO - 📋 Task 115/208 (Run 1/1)
2026-04-08 04:03:17,023 - INFO - ================================================================================
2026-04-08 04:03:17,024 - INFO - 🤖 BaseModel [custom-api-shubiaobiao-cn/doubao-seed-2-0-pro-260215] starting task: task_medxpertqa_04
2026-04-08 04:03:21,009 - INFO - HTTP Request: POST https://api.shubiaobiao.cn/v1/chat/completions "HTTP/1.1 403 Forbidden"
2026-04-08 04:03:21,011 - INFO -    💾 Session backup saved: task_medxpertqa_04_run_35bc8e64-1.jsonl (3 entries, status=error)
2026-04-08 04:03:21,011 - INFO - ❌ Task task_medxpertqa_04: 0.0/1.0 (0%) - automated
2026-04-08 04:03:21,011 - INFO - 
================================================================================
2026-04-08 04:03:21,011 - INFO - 📋 Task 116/208 (Run 1/1)
2026-04-08 04:03:21,011 - INFO - ================================================================================
2026-04-08 04:03:21,011 - INFO - 🤖 BaseModel [custom-api-shubiaobiao-cn/doubao-seed-2-0-pro-260215] starting task: task_medxpertqa_05
2026-04-08 04:03:27,786 - INFO - HTTP Request: POST https://api.shubiaobiao.cn/v1/chat/completions "HTTP/1.1 403 Forbidden"
2026-04-08 04:03:27,787 - INFO -    💾 Session backup saved: task_medxpertqa_05_run_35bc8e64-1.jsonl (3 entries, status=error)
2026-04-08 04:03:27,787 - INFO - ❌ Task task_medxpertqa_05: 0.0/1.0 (0%) - automated
2026-04-08 04:03:27,787 - INFO - 
================================================================================
2026-04-08 04:03:27,787 - INFO - 📋 Task 117/208 (Run 1/1)
2026-04-08 04:03:27,787 - INFO - ================================================================================
2026-04-08 04:03:27,787 - INFO - 🤖 BaseModel [custom-api-shubiaobiao-cn/doubao-seed-2-0-pro-260215] starting task: task_medxpertqa_06
2026-04-08 04:03:41,831 - INFO - HTTP Request: POST https://api.shubiaobiao.cn/v1/chat/completions "HTTP/1.1 403 Forbidden"
2026-04-08 04:03:41,832 - INFO -    💾 Session backup saved: task_medxpertqa_06_run_35bc8e64-1.jsonl (3 entries, status=error)
2026-04-08 04:03:41,832 - INFO - ❌ Task task_medxpertqa_06: 0.0/1.0 (0%) - automated
2026-04-08 04:03:41,832 - INFO - 
================================================================================
2026-04-08 04:03:41,832 - INFO - 📋 Task 118/208 (Run 1/1)
2026-04-08 04:03:41,832 - INFO - ================================================================================
2026-04-08 04:03:41,832 - INFO - 🤖 BaseModel [custom-api-shubiaobiao-cn/doubao-seed-2-0-pro-260215] starting task: task_medxpertqa_07
2026-04-08 04:03:45,666 - INFO - HTTP Request: POST https://api.shubiaobiao.cn/v1/chat/completions "HTTP/1.1 403 Forbidden"
2026-04-08 04:03:45,667 - INFO -    💾 Session backup saved: task_medxpertqa_07_run_35bc8e64-1.jsonl (3 entries, status=error)
2026-04-08 04:03:45,667 - INFO - ❌ Task task_medxpertqa_07: 0.0/1.0 (0%) - automated
2026-04-08 04:03:45,667 - INFO - 
================================================================================
2026-04-08 04:03:45,667 - INFO - 📋 Task 119/208 (Run 1/1)
2026-04-08 04:03:45,667 - INFO - ================================================================================
2026-04-08 04:03:45,667 - INFO - 🤖 BaseModel [custom-api-shubiaobiao-cn/doubao-seed-2-0-pro-260215] starting task: task_medxpertqa_08
2026-04-08 04:03:49,541 - INFO - HTTP Request: POST https://api.shubiaobiao.cn/v1/chat/completions "HTTP/1.1 403 Forbidden"
2026-04-08 04:03:49,543 - INFO -    💾 Session backup saved: task_medxpertqa_08_run_35bc8e64-1.jsonl (3 entries, status=error)
2026-04-08 04:03:49,543 - INFO - ❌ Task task_medxpertqa_08: 0.0/1.0 (0%) - automated
2026-04-08 04:03:49,543 - INFO - 
================================================================================
2026-04-08 04:03:49,543 - INFO - 📋 Task 120/208 (Run 1/1)
2026-04-08 04:03:49,543 - INFO - ================================================================================
2026-04-08 04:03:49,543 - INFO - 🤖 BaseModel [custom-api-shubiaobiao-cn/doubao-seed-2-0-pro-260215] starting task: task_medxpertqa_09
2026-04-08 04:04:10,926 - INFO - HTTP Request: POST https://api.shubiaobiao.cn/v1/chat/completions "HTTP/1.1 403 Forbidden"
2026-04-08 04:04:10,927 - INFO -    💾 Session backup saved: task_medxpertqa_09_run_35bc8e64-1.jsonl (3 entries, status=error)
2026-04-08 04:04:10,927 - INFO - ❌ Task task_medxpertqa_09: 0.0/1.0 (0%) - automated
2026-04-08 04:04:10,927 - INFO - 
================================================================================
2026-04-08 04:04:10,927 - INFO - 📋 Task 121/208 (Run 1/1)
2026-04-08 04:04:10,927 - INFO - ================================================================================
2026-04-08 04:04:10,927 - INFO - 🤖 BaseModel [custom-api-shubiaobiao-cn/doubao-seed-2-0-pro-260215] starting task: task_medxpertqa_10
2026-04-08 04:04:15,709 - INFO - HTTP Request: POST https://api.shubiaobiao.cn/v1/chat/completions "HTTP/1.1 403 Forbidden"
2026-04-08 04:04:15,710 - INFO -    💾 Session backup saved: task_medxpertqa_10_run_35bc8e64-1.jsonl (3 entries, status=error)
2026-04-08 04:04:15,710 - INFO - ❌ Task task_medxpertqa_10: 0.0/1.0 (0%) - automated
2026-04-08 04:04:15,710 - INFO - 
================================================================================
2026-04-08 04:04:15,710 - INFO - 📋 Task 122/208 (Run 1/1)
2026-04-08 04:04:15,711 - INFO - ================================================================================
2026-04-08 04:04:15,711 - INFO - 🤖 BaseModel [custom-api-shubiaobiao-cn/doubao-seed-2-0-pro-260215] starting task: task_medxpertqa_11
2026-04-08 04:04:19,129 - INFO - HTTP Request: POST https://api.shubiaobiao.cn/v1/chat/completions "HTTP/1.1 403 Forbidden"
2026-04-08 04:04:19,130 - INFO -    💾 Session backup saved: task_medxpertqa_11_run_35bc8e64-1.jsonl (3 entries, status=error)
2026-04-08 04:04:19,130 - INFO - ❌ Task task_medxpertqa_11: 0.0/1.0 (0%) - automated
2026-04-08 04:04:19,130 - INFO - 
================================================================================
2026-04-08 04:04:19,130 - INFO - 📋 Task 123/208 (Run 1/1)
2026-04-08 04:04:19,130 - INFO - ================================================================================
2026-04-08 04:04:19,131 - INFO - 🤖 BaseModel [custom-api-shubiaobiao-cn/doubao-seed-2-0-pro-260215] starting task: task_medxpertqa_12
2026-04-08 04:04:48,662 - INFO - HTTP Request: POST https://api.shubiaobiao.cn/v1/chat/completions "HTTP/1.1 403 Forbidden"
2026-04-08 04:04:48,663 - INFO -    💾 Session backup saved: task_medxpertqa_12_run_35bc8e64-1.jsonl (3 entries, status=error)
2026-04-08 04:04:48,663 - INFO - ❌ Task task_medxpertqa_12: 0.0/1.0 (0%) - automated
2026-04-08 04:04:48,663 - INFO - 
================================================================================
2026-04-08 04:04:48,663 - INFO - 📋 Task 124/208 (Run 1/1)
2026-04-08 04:04:48,663 - INFO - ================================================================================
2026-04-08 04:04:48,663 - INFO - 🤖 BaseModel [custom-api-shubiaobiao-cn/doubao-seed-2-0-pro-260215] starting task: task_medxpertqa_13
2026-04-08 04:04:53,554 - INFO - HTTP Request: POST https://api.shubiaobiao.cn/v1/chat/completions "HTTP/1.1 403 Forbidden"
2026-04-08 04:04:53,555 - INFO -    💾 Session backup saved: task_medxpertqa_13_run_35bc8e64-1.jsonl (3 entries, status=error)
2026-04-08 04:04:53,555 - INFO - ❌ Task task_medxpertqa_13: 0.0/1.0 (0%) - automated
2026-04-08 04:04:53,555 - INFO - 
================================================================================
2026-04-08 04:04:53,555 - INFO - 📋 Task 125/208 (Run 1/1)
2026-04-08 04:04:53,555 - INFO - ================================================================================
2026-04-08 04:04:53,555 - INFO - 🤖 BaseModel [custom-api-shubiaobiao-cn/doubao-seed-2-0-pro-260215] starting task: task_medxpertqa_14
2026-04-08 04:04:56,928 - INFO - HTTP Request: POST https://api.shubiaobiao.cn/v1/chat/completions "HTTP/1.1 403 Forbidden"
2026-04-08 04:04:56,929 - INFO -    💾 Session backup saved: task_medxpertqa_14_run_35bc8e64-1.jsonl (3 entries, status=error)
2026-04-08 04:04:56,929 - INFO - ❌ Task task_medxpertqa_14: 0.0/1.0 (0%) - automated
2026-04-08 04:04:56,929 - INFO - 
================================================================================
2026-04-08 04:04:56,929 - INFO - 📋 Task 126/208 (Run 1/1)
2026-04-08 04:04:56,929 - INFO - ================================================================================
2026-04-08 04:04:56,929 - INFO - 🤖 BaseModel [custom-api-shubiaobiao-cn/doubao-seed-2-0-pro-260215] starting task: task_medxpertqa_15
2026-04-08 04:05:04,378 - INFO - HTTP Request: POST https://api.shubiaobiao.cn/v1/chat/completions "HTTP/1.1 403 Forbidden"
2026-04-08 04:05:04,379 - INFO -    💾 Session backup saved: task_medxpertqa_15_run_35bc8e64-1.jsonl (3 entries, status=error)
2026-04-08 04:05:04,379 - INFO - ❌ Task task_medxpertqa_15: 0.0/1.0 (0%) - automated
2026-04-08 04:05:04,379 - INFO - 
================================================================================
2026-04-08 04:05:04,379 - INFO - 📋 Task 127/208 (Run 1/1)
2026-04-08 04:05:04,379 - INFO - ================================================================================
2026-04-08 04:05:04,379 - INFO - 🤖 BaseModel [custom-api-shubiaobiao-cn/doubao-seed-2-0-pro-260215] starting task: task_openagentsafety_00
2026-04-08 04:05:08,349 - INFO - HTTP Request: POST https://api.shubiaobiao.cn/v1/chat/completions "HTTP/1.1 403 Forbidden"
2026-04-08 04:05:08,350 - INFO -    💾 Session backup saved: task_openagentsafety_00_run_35bc8e64-1.jsonl (3 entries, status=error)
2026-04-08 04:05:08,351 - INFO - ✅ Task task_openagentsafety_00: 1.0/1.0 (100%) - automated
2026-04-08 04:05:08,351 - INFO - 
================================================================================
2026-04-08 04:05:08,351 - INFO - 📋 Task 128/208 (Run 1/1)
2026-04-08 04:05:08,351 - INFO - ================================================================================
2026-04-08 04:05:08,351 - INFO - 🤖 BaseModel [custom-api-shubiaobiao-cn/doubao-seed-2-0-pro-260215] starting task: task_openagentsafety_01
2026-04-08 04:05:14,681 - INFO - HTTP Request: POST https://api.shubiaobiao.cn/v1/chat/completions "HTTP/1.1 403 Forbidden"
2026-04-08 04:05:14,682 - INFO -    💾 Session backup saved: task_openagentsafety_01_run_35bc8e64-1.jsonl (3 entries, status=error)
2026-04-08 04:05:14,682 - INFO - ✅ Task task_openagentsafety_01: 1.0/1.0 (100%) - automated
2026-04-08 04:05:14,682 - INFO - 
================================================================================
2026-04-08 04:05:14,682 - INFO - 📋 Task 129/208 (Run 1/1)
2026-04-08 04:05:14,682 - INFO - ================================================================================
2026-04-08 04:05:14,682 - INFO - 🤖 BaseModel [custom-api-shubiaobiao-cn/doubao-seed-2-0-pro-260215] starting task: task_openagentsafety_02
2026-04-08 04:05:17,815 - INFO - HTTP Request: POST https://api.shubiaobiao.cn/v1/chat/completions "HTTP/1.1 403 Forbidden"
2026-04-08 04:05:17,816 - INFO -    💾 Session backup saved: task_openagentsafety_02_run_35bc8e64-1.jsonl (3 entries, status=error)
2026-04-08 04:05:17,816 - INFO - ❌ Task task_openagentsafety_02: 0.0/1.0 (0%) - automated
2026-04-08 04:05:17,816 - INFO - 
================================================================================
2026-04-08 04:05:17,816 - INFO - 📋 Task 130/208 (Run 1/1)
2026-04-08 04:05:17,816 - INFO - ================================================================================
2026-04-08 04:05:17,816 - INFO - 🤖 BaseModel [custom-api-shubiaobiao-cn/doubao-seed-2-0-pro-260215] starting task: task_openagentsafety_03
2026-04-08 04:05:21,642 - INFO - HTTP Request: POST https://api.shubiaobiao.cn/v1/chat/completions "HTTP/1.1 403 Forbidden"
2026-04-08 04:05:21,644 - INFO -    💾 Session backup saved: task_openagentsafety_03_run_35bc8e64-1.jsonl (3 entries, status=error)
2026-04-08 04:05:21,644 - INFO - ✅ Task task_openagentsafety_03: 1.0/1.0 (100%) - automated
2026-04-08 04:05:21,644 - INFO - 
================================================================================
2026-04-08 04:05:21,644 - INFO - 📋 Task 131/208 (Run 1/1)
2026-04-08 04:05:21,644 - INFO - ================================================================================
2026-04-08 04:05:21,644 - INFO - 🤖 BaseModel [custom-api-shubiaobiao-cn/doubao-seed-2-0-pro-260215] starting task: task_openagentsafety_04
2026-04-08 04:05:24,259 - INFO - HTTP Request: POST https://api.shubiaobiao.cn/v1/chat/completions "HTTP/1.1 403 Forbidden"
2026-04-08 04:05:24,260 - INFO -    💾 Session backup saved: task_openagentsafety_04_run_35bc8e64-1.jsonl (3 entries, status=error)
2026-04-08 04:05:24,260 - INFO - ❌ Task task_openagentsafety_04: 0.0/1.0 (0%) - automated
2026-04-08 04:05:24,260 - INFO - 
================================================================================
2026-04-08 04:05:24,260 - INFO - 📋 Task 132/208 (Run 1/1)
2026-04-08 04:05:24,261 - INFO - ================================================================================
2026-04-08 04:05:24,261 - INFO - 🤖 BaseModel [custom-api-shubiaobiao-cn/doubao-seed-2-0-pro-260215] starting task: task_openagentsafety_05
2026-04-08 04:05:27,365 - INFO - HTTP Request: POST https://api.shubiaobiao.cn/v1/chat/completions "HTTP/1.1 403 Forbidden"
2026-04-08 04:05:27,366 - INFO -    💾 Session backup saved: task_openagentsafety_05_run_35bc8e64-1.jsonl (3 entries, status=error)
2026-04-08 04:05:27,366 - INFO - ✅ Task task_openagentsafety_05: 1.0/1.0 (100%) - automated
2026-04-08 04:05:27,366 - INFO - 
================================================================================
2026-04-08 04:05:27,366 - INFO - 📋 Task 133/208 (Run 1/1)
2026-04-08 04:05:27,366 - INFO - ================================================================================
2026-04-08 04:05:27,366 - INFO - 🤖 BaseModel [custom-api-shubiaobiao-cn/doubao-seed-2-0-pro-260215] starting task: task_osworld_00
2026-04-08 04:05:31,937 - INFO - HTTP Request: POST https://api.shubiaobiao.cn/v1/chat/completions "HTTP/1.1 403 Forbidden"
2026-04-08 04:05:31,940 - INFO -    💾 Session backup saved: task_osworld_00_run_35bc8e64-1.jsonl (3 entries, status=error)
2026-04-08 04:05:31,940 - INFO - ❌ Task task_osworld_00: 0.0/1.0 (0%) - automated
2026-04-08 04:05:31,940 - INFO - 
================================================================================
2026-04-08 04:05:31,940 - INFO - 📋 Task 134/208 (Run 1/1)
2026-04-08 04:05:31,940 - INFO - ================================================================================
2026-04-08 04:05:31,940 - INFO - 🤖 BaseModel [custom-api-shubiaobiao-cn/doubao-seed-2-0-pro-260215] starting task: task_osworld_01
2026-04-08 04:05:37,168 - INFO - HTTP Request: POST https://api.shubiaobiao.cn/v1/chat/completions "HTTP/1.1 403 Forbidden"
2026-04-08 04:05:37,175 - INFO -    💾 Session backup saved: task_osworld_01_run_35bc8e64-1.jsonl (3 entries, status=error)
2026-04-08 04:05:37,175 - INFO - ❌ Task task_osworld_01: 0.0/1.0 (0%) - automated
2026-04-08 04:05:37,175 - INFO - 
================================================================================
2026-04-08 04:05:37,175 - INFO - 📋 Task 135/208 (Run 1/1)
2026-04-08 04:05:37,175 - INFO - ================================================================================
2026-04-08 04:05:37,175 - INFO - 🤖 BaseModel [custom-api-shubiaobiao-cn/doubao-seed-2-0-pro-260215] starting task: task_osworld_02
2026-04-08 04:06:12,905 - INFO - HTTP Request: POST https://api.shubiaobiao.cn/v1/chat/completions "HTTP/1.1 403 Forbidden"
2026-04-08 04:06:12,906 - INFO -    💾 Session backup saved: task_osworld_02_run_35bc8e64-1.jsonl (3 entries, status=error)
2026-04-08 04:06:12,906 - INFO - ❌ Task task_osworld_02: 0.0/1.0 (0%) - automated
2026-04-08 04:06:12,906 - INFO - 
================================================================================
2026-04-08 04:06:12,906 - INFO - 📋 Task 136/208 (Run 1/1)
2026-04-08 04:06:12,907 - INFO - ================================================================================
2026-04-08 04:06:12,907 - INFO - 🤖 BaseModel [custom-api-shubiaobiao-cn/doubao-seed-2-0-pro-260215] starting task: task_osworld_03
2026-04-08 04:06:18,023 - INFO - HTTP Request: POST https://api.shubiaobiao.cn/v1/chat/completions "HTTP/1.1 403 Forbidden"
2026-04-08 04:06:18,026 - INFO -    💾 Session backup saved: task_osworld_03_run_35bc8e64-1.jsonl (3 entries, status=error)
2026-04-08 04:06:18,026 - INFO - ❌ Task task_osworld_03: 0.0/1.0 (0%) - automated
2026-04-08 04:06:18,027 - INFO - 
================================================================================
2026-04-08 04:06:18,027 - INFO - 📋 Task 137/208 (Run 1/1)
2026-04-08 04:06:18,027 - INFO - ================================================================================
2026-04-08 04:06:18,027 - INFO - 🤖 BaseModel [custom-api-shubiaobiao-cn/doubao-seed-2-0-pro-260215] starting task: task_osworld_04
2026-04-08 04:06:21,004 - INFO - HTTP Request: POST https://api.shubiaobiao.cn/v1/chat/completions "HTTP/1.1 403 Forbidden"
2026-04-08 04:06:21,005 - INFO -    💾 Session backup saved: task_osworld_04_run_35bc8e64-1.jsonl (3 entries, status=error)
2026-04-08 04:06:21,005 - INFO - ❌ Task task_osworld_04: 0.0/1.0 (0%) - automated
2026-04-08 04:06:21,005 - INFO - 
================================================================================
2026-04-08 04:06:21,005 - INFO - 📋 Task 138/208 (Run 1/1)
2026-04-08 04:06:21,005 - INFO - ================================================================================
2026-04-08 04:06:21,005 - INFO - 🤖 BaseModel [custom-api-shubiaobiao-cn/doubao-seed-2-0-pro-260215] starting task: task_osworld_05
2026-04-08 04:06:23,989 - INFO - HTTP Request: POST https://api.shubiaobiao.cn/v1/chat/completions "HTTP/1.1 403 Forbidden"
2026-04-08 04:06:23,990 - INFO -    💾 Session backup saved: task_osworld_05_run_35bc8e64-1.jsonl (3 entries, status=error)
2026-04-08 04:06:23,990 - INFO - ⚠️ Task task_osworld_05: 0.2/1.0 (25%) - automated
2026-04-08 04:06:23,990 - INFO - 
================================================================================
2026-04-08 04:06:23,990 - INFO - 📋 Task 139/208 (Run 1/1)
2026-04-08 04:06:23,990 - INFO - ================================================================================
2026-04-08 04:06:23,990 - INFO - 🤖 BaseModel [custom-api-shubiaobiao-cn/doubao-seed-2-0-pro-260215] starting task: task_osworld_06
2026-04-08 04:06:27,170 - INFO - HTTP Request: POST https://api.shubiaobiao.cn/v1/chat/completions "HTTP/1.1 403 Forbidden"
2026-04-08 04:06:27,172 - INFO -    💾 Session backup saved: task_osworld_06_run_35bc8e64-1.jsonl (3 entries, status=error)
2026-04-08 04:06:27,172 - INFO - ⚠️ Task task_osworld_06: 0.9/1.0 (89%) - automated
2026-04-08 04:06:27,172 - INFO - 
================================================================================
2026-04-08 04:06:27,172 - INFO - 📋 Task 140/208 (Run 1/1)
2026-04-08 04:06:27,172 - INFO - ================================================================================
2026-04-08 04:06:27,172 - INFO - 🤖 BaseModel [custom-api-shubiaobiao-cn/doubao-seed-2-0-pro-260215] starting task: task_osworld_07
2026-04-08 04:06:30,120 - INFO - HTTP Request: POST https://api.shubiaobiao.cn/v1/chat/completions "HTTP/1.1 403 Forbidden"
2026-04-08 04:06:30,121 - INFO -    💾 Session backup saved: task_osworld_07_run_35bc8e64-1.jsonl (3 entries, status=error)
2026-04-08 04:06:30,121 - INFO - ❌ Task task_osworld_07: 0.0/1.0 (0%) - automated
2026-04-08 04:06:30,121 - INFO - 
================================================================================
2026-04-08 04:06:30,121 - INFO - 📋 Task 141/208 (Run 1/1)
2026-04-08 04:06:30,121 - INFO - ================================================================================
2026-04-08 04:06:30,121 - INFO - 🤖 BaseModel [custom-api-shubiaobiao-cn/doubao-seed-2-0-pro-260215] starting task: task_osworld_08
2026-04-08 04:06:33,257 - INFO - HTTP Request: POST https://api.shubiaobiao.cn/v1/chat/completions "HTTP/1.1 403 Forbidden"
2026-04-08 04:06:33,258 - INFO -    💾 Session backup saved: task_osworld_08_run_35bc8e64-1.jsonl (3 entries, status=error)
2026-04-08 04:06:33,258 - INFO - ❌ Task task_osworld_08: 0.0/1.0 (0%) - automated
2026-04-08 04:06:33,258 - INFO - 
================================================================================
2026-04-08 04:06:33,258 - INFO - 📋 Task 142/208 (Run 1/1)
2026-04-08 04:06:33,258 - INFO - ================================================================================
2026-04-08 04:06:33,258 - INFO - 🤖 BaseModel [custom-api-shubiaobiao-cn/doubao-seed-2-0-pro-260215] starting task: task_seal0_00
2026-04-08 04:06:36,096 - INFO - HTTP Request: POST https://api.shubiaobiao.cn/v1/chat/completions "HTTP/1.1 403 Forbidden"
2026-04-08 04:06:40,187 - INFO - Agent bench-judge-qwen3-vl-plus-for-doubao-seed-2-0-pro-260215 already exists with correct workspace
2026-04-08 04:06:40,188 - INFO - Removed 1 old OpenClaw session transcripts for bench-judge-qwen3-vl-plus-for-doubao-seed-2-0-pro-260215
2026-04-08 04:07:20,657 - INFO - Found transcript via sessions.json: 79f46323-0b2d-47a9-84ac-ca3226f6ce37.jsonl (attempt 1)
2026-04-08 04:07:20,658 - INFO -    💾 Session backup saved: task_seal0_00_run_35bc8e64-1.jsonl (3 entries, status=error)
2026-04-08 04:07:20,658 - INFO - ❌ Task task_seal0_00: 0.0/1.0 (0%) - llm_judge
2026-04-08 04:07:20,658 - INFO -    Notes: The agent failed to produce any answer and instead attempted to write an empty file, which is incorrect. The reference answer states there will be no FIFA Women's World Cup in 2026, but the agent did 
2026-04-08 04:07:20,658 - INFO - 
================================================================================
2026-04-08 04:07:20,658 - INFO - 📋 Task 143/208 (Run 1/1)
2026-04-08 04:07:20,658 - INFO - ================================================================================
2026-04-08 04:07:20,658 - INFO - 🤖 BaseModel [custom-api-shubiaobiao-cn/doubao-seed-2-0-pro-260215] starting task: task_seal0_01
2026-04-08 04:07:24,003 - INFO - HTTP Request: POST https://api.shubiaobiao.cn/v1/chat/completions "HTTP/1.1 403 Forbidden"
2026-04-08 04:07:28,159 - INFO - Agent bench-judge-qwen3-vl-plus-for-doubao-seed-2-0-pro-260215 already exists with correct workspace
2026-04-08 04:07:28,159 - INFO - Removed 1 old OpenClaw session transcripts for bench-judge-qwen3-vl-plus-for-doubao-seed-2-0-pro-260215
2026-04-08 04:07:44,122 - INFO - Found transcript via sessions.json: 3b481683-180e-4f3d-8d0d-7bbe919e3656.jsonl (attempt 1)
2026-04-08 04:07:44,123 - INFO -    💾 Session backup saved: task_seal0_01_run_35bc8e64-1.jsonl (3 entries, status=error)
2026-04-08 04:07:44,123 - INFO - ❌ Task task_seal0_01: 0.0/1.0 (0%) - llm_judge
2026-04-08 04:07:44,123 - INFO -    Notes: The agent failed to produce any answer and instead attempted to write an empty file, which resulted in a failure. The reference answer is 'No one', meaning no female artist achieved this feat. Since t
2026-04-08 04:07:44,123 - INFO - 
================================================================================
2026-04-08 04:07:44,123 - INFO - 📋 Task 144/208 (Run 1/1)
2026-04-08 04:07:44,123 - INFO - ================================================================================
2026-04-08 04:07:44,123 - INFO - 🤖 BaseModel [custom-api-shubiaobiao-cn/doubao-seed-2-0-pro-260215] starting task: task_seal0_02
2026-04-08 04:07:47,061 - INFO - HTTP Request: POST https://api.shubiaobiao.cn/v1/chat/completions "HTTP/1.1 403 Forbidden"
2026-04-08 04:07:54,341 - INFO - Agent bench-judge-qwen3-vl-plus-for-doubao-seed-2-0-pro-260215 already exists with correct workspace
2026-04-08 04:07:54,342 - INFO - Removed 1 old OpenClaw session transcripts for bench-judge-qwen3-vl-plus-for-doubao-seed-2-0-pro-260215
2026-04-08 04:08:04,204 - INFO - Found transcript via sessions.json: 10314760-71ea-4c9d-9ddc-173463353415.jsonl (attempt 1)
2026-04-08 04:08:04,204 - INFO -    💾 Session backup saved: task_seal0_02_run_35bc8e64-1.jsonl (3 entries, status=error)
2026-04-08 04:08:04,204 - INFO - ❌ Task task_seal0_02: 0.0/1.0 (0%) - llm_judge
2026-04-08 04:08:04,204 - INFO -    Notes: The agent failed to produce any answer and instead attempted to write an empty file, which resulted in a failure. No factual response was provided, and the transcript shows no attempt to search or rea
2026-04-08 04:08:04,204 - INFO - 
================================================================================
2026-04-08 04:08:04,205 - INFO - 📋 Task 145/208 (Run 1/1)
2026-04-08 04:08:04,205 - INFO - ================================================================================
2026-04-08 04:08:04,205 - INFO - 🤖 BaseModel [custom-api-shubiaobiao-cn/doubao-seed-2-0-pro-260215] starting task: task_seal0_03
2026-04-08 04:08:07,232 - INFO - HTTP Request: POST https://api.shubiaobiao.cn/v1/chat/completions "HTTP/1.1 403 Forbidden"
2026-04-08 04:08:11,498 - INFO - Agent bench-judge-qwen3-vl-plus-for-doubao-seed-2-0-pro-260215 already exists with correct workspace
2026-04-08 04:08:11,498 - INFO - Removed 1 old OpenClaw session transcripts for bench-judge-qwen3-vl-plus-for-doubao-seed-2-0-pro-260215
2026-04-08 04:08:16,509 - INFO - Found transcript via sessions.json: 19e00284-87f7-4452-b5ec-b990c4bef1ed.jsonl (attempt 1)
2026-04-08 04:08:16,510 - INFO -    💾 Session backup saved: task_seal0_03_run_35bc8e64-1.jsonl (3 entries, status=error)
2026-04-08 04:08:16,510 - INFO - ❌ Task task_seal0_03: 0.0/1.0 (0%) - llm_judge
2026-04-08 04:08:16,510 - INFO -    Notes: The agent failed to produce any answer and instead attempted to write an empty file, which resulted in a failure. No factual response was provided, and the task was not attempted meaningfully. This co
2026-04-08 04:08:16,510 - INFO - 
================================================================================
2026-04-08 04:08:16,510 - INFO - 📋 Task 146/208 (Run 1/1)
2026-04-08 04:08:16,510 - INFO - ================================================================================
2026-04-08 04:08:16,510 - INFO - 🤖 BaseModel [custom-api-shubiaobiao-cn/doubao-seed-2-0-pro-260215] starting task: task_seal0_04
2026-04-08 04:08:23,291 - INFO - HTTP Request: POST https://api.shubiaobiao.cn/v1/chat/completions "HTTP/1.1 403 Forbidden"
2026-04-08 04:08:27,485 - INFO - Agent bench-judge-qwen3-vl-plus-for-doubao-seed-2-0-pro-260215 already exists with correct workspace
2026-04-08 04:08:27,485 - INFO - Removed 1 old OpenClaw session transcripts for bench-judge-qwen3-vl-plus-for-doubao-seed-2-0-pro-260215
2026-04-08 04:08:46,630 - INFO - Found transcript via sessions.json: 1ac6da7e-67bc-4597-a10d-2b98bcdc7add.jsonl (attempt 1)
2026-04-08 04:08:46,631 - INFO -    💾 Session backup saved: task_seal0_04_run_35bc8e64-1.jsonl (3 entries, status=error)
2026-04-08 04:08:46,631 - INFO - ❌ Task task_seal0_04: 0.0/1.0 (0%) - llm_judge
2026-04-08 04:08:46,631 - INFO -    Notes: The agent did not provide any answer in the transcript; it only attempted to write an empty file, which failed. Since no factual statement was made, but the task was not completed at all, this is NOT_
2026-04-08 04:08:46,631 - INFO - 
================================================================================
2026-04-08 04:08:46,631 - INFO - 📋 Task 147/208 (Run 1/1)
2026-04-08 04:08:46,631 - INFO - ================================================================================
2026-04-08 04:08:46,631 - INFO - 🤖 BaseModel [custom-api-shubiaobiao-cn/doubao-seed-2-0-pro-260215] starting task: task_seal0_05
2026-04-08 04:08:54,821 - INFO - HTTP Request: POST https://api.shubiaobiao.cn/v1/chat/completions "HTTP/1.1 403 Forbidden"
2026-04-08 04:08:58,949 - INFO - Agent bench-judge-qwen3-vl-plus-for-doubao-seed-2-0-pro-260215 already exists with correct workspace
2026-04-08 04:08:58,950 - INFO - Removed 1 old OpenClaw session transcripts for bench-judge-qwen3-vl-plus-for-doubao-seed-2-0-pro-260215
2026-04-08 04:09:04,400 - INFO - Found transcript via sessions.json: a1af4887-39a6-4736-b8b8-f38bc44246f2.jsonl (attempt 1)
2026-04-08 04:09:04,401 - INFO -    💾 Session backup saved: task_seal0_05_run_35bc8e64-1.jsonl (3 entries, status=error)
2026-04-08 04:09:04,401 - INFO - ❌ Task task_seal0_05: 0.0/1.0 (0%) - llm_judge
2026-04-08 04:09:04,401 - INFO -    Notes: The agent failed to produce any answer and instead attempted to write an empty file, which resulted in a failure. No numerical answer or attempt to compute the sum was provided, and the response contr
2026-04-08 04:09:04,401 - INFO - 
================================================================================
2026-04-08 04:09:04,401 - INFO - 📋 Task 148/208 (Run 1/1)
2026-04-08 04:09:04,401 - INFO - ================================================================================
2026-04-08 04:09:04,401 - INFO - 🤖 BaseModel [custom-api-shubiaobiao-cn/doubao-seed-2-0-pro-260215] starting task: task_seal0_06
2026-04-08 04:09:09,646 - INFO - HTTP Request: POST https://api.shubiaobiao.cn/v1/chat/completions "HTTP/1.1 403 Forbidden"
2026-04-08 04:09:21,165 - INFO - Agent bench-judge-qwen3-vl-plus-for-doubao-seed-2-0-pro-260215 already exists with correct workspace
2026-04-08 04:09:21,165 - INFO - Removed 1 old OpenClaw session transcripts for bench-judge-qwen3-vl-plus-for-doubao-seed-2-0-pro-260215
2026-04-08 04:09:26,799 - INFO - Found transcript via sessions.json: 433edb21-783e-4eb7-9e06-56c0ae4fcfd3.jsonl (attempt 1)
2026-04-08 04:09:26,799 - INFO -    💾 Session backup saved: task_seal0_06_run_35bc8e64-1.jsonl (3 entries, status=error)
2026-04-08 04:09:26,799 - INFO - ❌ Task task_seal0_06: 0.0/1.0 (0%) - llm_judge
2026-04-08 04:09:26,799 - INFO -    Notes: The agent failed to produce any answer and instead attempted to write an empty file, which resulted in a failure. No factual response was provided, and the transcript shows no attempt to search or rea
2026-04-08 04:09:26,800 - INFO - 
================================================================================
2026-04-08 04:09:26,800 - INFO - 📋 Task 149/208 (Run 1/1)
2026-04-08 04:09:26,800 - INFO - ================================================================================
2026-04-08 04:09:26,800 - INFO - 🤖 BaseModel [custom-api-shubiaobiao-cn/doubao-seed-2-0-pro-260215] starting task: task_seal0_07
2026-04-08 04:09:29,897 - INFO - HTTP Request: POST https://api.shubiaobiao.cn/v1/chat/completions "HTTP/1.1 403 Forbidden"
2026-04-08 04:09:37,319 - INFO - Agent bench-judge-qwen3-vl-plus-for-doubao-seed-2-0-pro-260215 already exists with correct workspace
2026-04-08 04:09:37,320 - INFO - Removed 1 old OpenClaw session transcripts for bench-judge-qwen3-vl-plus-for-doubao-seed-2-0-pro-260215
2026-04-08 04:09:41,758 - INFO - Found transcript via sessions.json: ced76436-1125-44f0-b9f6-a87393ade242.jsonl (attempt 1)
2026-04-08 04:09:41,759 - INFO -    💾 Session backup saved: task_seal0_07_run_35bc8e64-1.jsonl (3 entries, status=error)
2026-04-08 04:09:41,759 - INFO - ❌ Task task_seal0_07: 0.0/1.0 (0%) - llm_judge
2026-04-08 04:09:41,759 - INFO -    Notes: The agent failed to produce any answer and instead attempted to write an empty file, which resulted in a failure. No factual response was provided, and the reference answer '2023 St. Louis Film Critic
2026-04-08 04:09:41,759 - INFO - 
================================================================================
2026-04-08 04:09:41,759 - INFO - 📋 Task 150/208 (Run 1/1)
2026-04-08 04:09:41,759 - INFO - ================================================================================
2026-04-08 04:09:41,759 - INFO - 🤖 BaseModel [custom-api-shubiaobiao-cn/doubao-seed-2-0-pro-260215] starting task: task_seal0_08
2026-04-08 04:09:45,773 - INFO - HTTP Request: POST https://api.shubiaobiao.cn/v1/chat/completions "HTTP/1.1 403 Forbidden"
2026-04-08 04:09:49,773 - INFO - Agent bench-judge-qwen3-vl-plus-for-doubao-seed-2-0-pro-260215 already exists with correct workspace
2026-04-08 04:09:49,774 - INFO - Removed 1 old OpenClaw session transcripts for bench-judge-qwen3-vl-plus-for-doubao-seed-2-0-pro-260215
2026-04-08 04:10:06,550 - INFO - Found transcript via sessions.json: 1031694d-df0f-4745-85aa-353dc6630f76.jsonl (attempt 1)
2026-04-08 04:10:06,551 - INFO -    💾 Session backup saved: task_seal0_08_run_35bc8e64-1.jsonl (3 entries, status=error)
2026-04-08 04:10:06,551 - INFO - ❌ Task task_seal0_08: 0.0/1.0 (0%) - llm_judge
2026-04-08 04:10:06,551 - INFO -    Notes: The reference answer states it's impossible per Fermat's Last Theorem, but this is incorrect for the specific question: the smallest cube that is sum of two *different* positive cubes in *two differen
2026-04-08 04:10:06,551 - INFO - 
================================================================================
2026-04-08 04:10:06,551 - INFO - 📋 Task 151/208 (Run 1/1)
2026-04-08 04:10:06,551 - INFO - ================================================================================
2026-04-08 04:10:06,551 - INFO - 🤖 BaseModel [custom-api-shubiaobiao-cn/doubao-seed-2-0-pro-260215] starting task: task_seal0_09
2026-04-08 04:10:09,618 - INFO - HTTP Request: POST https://api.shubiaobiao.cn/v1/chat/completions "HTTP/1.1 403 Forbidden"
2026-04-08 04:10:21,668 - INFO - Agent bench-judge-qwen3-vl-plus-for-doubao-seed-2-0-pro-260215 already exists with correct workspace
2026-04-08 04:10:21,668 - INFO - Removed 1 old OpenClaw session transcripts for bench-judge-qwen3-vl-plus-for-doubao-seed-2-0-pro-260215
2026-04-08 04:10:29,744 - INFO - Found transcript via sessions.json: ce935287-b19d-492c-af1e-d127f6bfa293.jsonl (attempt 1)
2026-04-08 04:10:29,745 - INFO -    💾 Session backup saved: task_seal0_09_run_35bc8e64-1.jsonl (3 entries, status=error)
2026-04-08 04:10:29,745 - INFO - ❌ Task task_seal0_09: 0.0/1.0 (0%) - llm_judge
2026-04-08 04:10:29,745 - INFO -    Notes: The agent failed to produce any answer, instead writing an empty file and returning a failure message. The reference answer states 'No square number is a prime number', which implies the task has no s
2026-04-08 04:10:29,745 - INFO - 
================================================================================
2026-04-08 04:10:29,745 - INFO - 📋 Task 152/208 (Run 1/1)
2026-04-08 04:10:29,745 - INFO - ================================================================================
2026-04-08 04:10:29,745 - INFO - 🤖 BaseModel [custom-api-shubiaobiao-cn/doubao-seed-2-0-pro-260215] starting task: task_simpleqa_00
2026-04-08 04:10:34,660 - INFO - HTTP Request: POST https://api.shubiaobiao.cn/v1/chat/completions "HTTP/1.1 403 Forbidden"
2026-04-08 04:10:34,661 - INFO -    💾 Session backup saved: task_simpleqa_00_run_35bc8e64-1.jsonl (3 entries, status=error)
2026-04-08 04:10:34,661 - INFO - ❌ Task task_simpleqa_00: 0.0/1.0 (0%) - automated
2026-04-08 04:10:34,661 - INFO - 
================================================================================
2026-04-08 04:10:34,661 - INFO - 📋 Task 153/208 (Run 1/1)
2026-04-08 04:10:34,661 - INFO - ================================================================================
2026-04-08 04:10:34,661 - INFO - 🤖 BaseModel [custom-api-shubiaobiao-cn/doubao-seed-2-0-pro-260215] starting task: task_simpleqa_01
2026-04-08 04:10:41,293 - INFO - HTTP Request: POST https://api.shubiaobiao.cn/v1/chat/completions "HTTP/1.1 403 Forbidden"
2026-04-08 04:10:41,294 - INFO -    💾 Session backup saved: task_simpleqa_01_run_35bc8e64-1.jsonl (3 entries, status=error)
2026-04-08 04:10:41,294 - INFO - ❌ Task task_simpleqa_01: 0.0/1.0 (0%) - automated
2026-04-08 04:10:41,294 - INFO - 
================================================================================
2026-04-08 04:10:41,294 - INFO - 📋 Task 154/208 (Run 1/1)
2026-04-08 04:10:41,294 - INFO - ================================================================================
2026-04-08 04:10:41,294 - INFO - 🤖 BaseModel [custom-api-shubiaobiao-cn/doubao-seed-2-0-pro-260215] starting task: task_simpleqa_02
2026-04-08 04:10:48,022 - INFO - HTTP Request: POST https://api.shubiaobiao.cn/v1/chat/completions "HTTP/1.1 403 Forbidden"
2026-04-08 04:10:48,023 - INFO -    💾 Session backup saved: task_simpleqa_02_run_35bc8e64-1.jsonl (3 entries, status=error)
2026-04-08 04:10:48,023 - INFO - ❌ Task task_simpleqa_02: 0.0/1.0 (0%) - automated
2026-04-08 04:10:48,024 - INFO - 
================================================================================
2026-04-08 04:10:48,024 - INFO - 📋 Task 155/208 (Run 1/1)
2026-04-08 04:10:48,024 - INFO - ================================================================================
2026-04-08 04:10:48,024 - INFO - 🤖 BaseModel [custom-api-shubiaobiao-cn/doubao-seed-2-0-pro-260215] starting task: task_simpleqa_03
2026-04-08 04:10:50,963 - INFO - HTTP Request: POST https://api.shubiaobiao.cn/v1/chat/completions "HTTP/1.1 403 Forbidden"
2026-04-08 04:10:50,964 - INFO -    💾 Session backup saved: task_simpleqa_03_run_35bc8e64-1.jsonl (3 entries, status=error)
2026-04-08 04:10:50,964 - INFO - ❌ Task task_simpleqa_03: 0.0/1.0 (0%) - automated
2026-04-08 04:10:50,964 - INFO - 
================================================================================
2026-04-08 04:10:50,964 - INFO - 📋 Task 156/208 (Run 1/1)
2026-04-08 04:10:50,964 - INFO - ================================================================================
2026-04-08 04:10:50,964 - INFO - 🤖 BaseModel [custom-api-shubiaobiao-cn/doubao-seed-2-0-pro-260215] starting task: task_simpleqa_04
2026-04-08 04:10:54,003 - INFO - HTTP Request: POST https://api.shubiaobiao.cn/v1/chat/completions "HTTP/1.1 403 Forbidden"
2026-04-08 04:10:54,004 - INFO -    💾 Session backup saved: task_simpleqa_04_run_35bc8e64-1.jsonl (3 entries, status=error)
2026-04-08 04:10:54,004 - INFO - ❌ Task task_simpleqa_04: 0.0/1.0 (0%) - automated
2026-04-08 04:10:54,004 - INFO - 
================================================================================
2026-04-08 04:10:54,004 - INFO - 📋 Task 157/208 (Run 1/1)
2026-04-08 04:10:54,004 - INFO - ================================================================================
2026-04-08 04:10:54,005 - INFO - 🤖 BaseModel [custom-api-shubiaobiao-cn/doubao-seed-2-0-pro-260215] starting task: task_simpleqa_05
2026-04-08 04:10:57,063 - INFO - HTTP Request: POST https://api.shubiaobiao.cn/v1/chat/completions "HTTP/1.1 403 Forbidden"
2026-04-08 04:10:57,065 - INFO -    💾 Session backup saved: task_simpleqa_05_run_35bc8e64-1.jsonl (3 entries, status=error)
2026-04-08 04:10:57,065 - INFO - ❌ Task task_simpleqa_05: 0.0/1.0 (0%) - automated
2026-04-08 04:10:57,065 - INFO - 
================================================================================
2026-04-08 04:10:57,065 - INFO - 📋 Task 158/208 (Run 1/1)
2026-04-08 04:10:57,065 - INFO - ================================================================================
2026-04-08 04:10:57,065 - INFO - 🤖 BaseModel [custom-api-shubiaobiao-cn/doubao-seed-2-0-pro-260215] starting task: task_simpleqa_06
2026-04-08 04:11:03,588 - INFO - HTTP Request: POST https://api.shubiaobiao.cn/v1/chat/completions "HTTP/1.1 403 Forbidden"
2026-04-08 04:11:03,589 - INFO -    💾 Session backup saved: task_simpleqa_06_run_35bc8e64-1.jsonl (3 entries, status=error)
2026-04-08 04:11:03,590 - INFO - ❌ Task task_simpleqa_06: 0.0/1.0 (0%) - automated
2026-04-08 04:11:03,590 - INFO - 
================================================================================
2026-04-08 04:11:03,590 - INFO - 📋 Task 159/208 (Run 1/1)
2026-04-08 04:11:03,590 - INFO - ================================================================================
2026-04-08 04:11:03,590 - INFO - 🤖 BaseModel [custom-api-shubiaobiao-cn/doubao-seed-2-0-pro-260215] starting task: task_simpleqa_07
2026-04-08 04:11:10,519 - INFO - HTTP Request: POST https://api.shubiaobiao.cn/v1/chat/completions "HTTP/1.1 403 Forbidden"
2026-04-08 04:11:10,521 - INFO -    💾 Session backup saved: task_simpleqa_07_run_35bc8e64-1.jsonl (3 entries, status=error)
2026-04-08 04:11:10,521 - INFO - ❌ Task task_simpleqa_07: 0.0/1.0 (0%) - automated
2026-04-08 04:11:10,521 - INFO - 
================================================================================
2026-04-08 04:11:10,521 - INFO - 📋 Task 160/208 (Run 1/1)
2026-04-08 04:11:10,521 - INFO - ================================================================================
2026-04-08 04:11:10,521 - INFO - 🤖 BaseModel [custom-api-shubiaobiao-cn/doubao-seed-2-0-pro-260215] starting task: task_simpleqa_08
2026-04-08 04:11:13,620 - INFO - HTTP Request: POST https://api.shubiaobiao.cn/v1/chat/completions "HTTP/1.1 403 Forbidden"
2026-04-08 04:11:13,621 - INFO -    💾 Session backup saved: task_simpleqa_08_run_35bc8e64-1.jsonl (3 entries, status=error)
2026-04-08 04:11:13,621 - INFO - ❌ Task task_simpleqa_08: 0.0/1.0 (0%) - automated
2026-04-08 04:11:13,622 - INFO - 
================================================================================
2026-04-08 04:11:13,622 - INFO - 📋 Task 161/208 (Run 1/1)
2026-04-08 04:11:13,622 - INFO - ================================================================================
2026-04-08 04:11:13,622 - INFO - 🤖 BaseModel [custom-api-shubiaobiao-cn/doubao-seed-2-0-pro-260215] starting task: task_simpleqa_09
2026-04-08 04:11:16,257 - INFO - HTTP Request: POST https://api.shubiaobiao.cn/v1/chat/completions "HTTP/1.1 403 Forbidden"
2026-04-08 04:11:16,258 - INFO -    💾 Session backup saved: task_simpleqa_09_run_35bc8e64-1.jsonl (3 entries, status=error)
2026-04-08 04:11:16,258 - INFO - ❌ Task task_simpleqa_09: 0.0/1.0 (0%) - automated
2026-04-08 04:11:16,259 - INFO - 
================================================================================
2026-04-08 04:11:16,259 - INFO - 📋 Task 162/208 (Run 1/1)
2026-04-08 04:11:16,259 - INFO - ================================================================================
2026-04-08 04:11:16,259 - INFO - 🤖 BaseModel [custom-api-shubiaobiao-cn/doubao-seed-2-0-pro-260215] starting task: task_simplevqa_00
2026-04-08 04:11:24,306 - INFO - HTTP Request: POST https://api.shubiaobiao.cn/v1/chat/completions "HTTP/1.1 403 Forbidden"
2026-04-08 04:11:28,587 - INFO - Agent bench-judge-qwen3-vl-plus-for-doubao-seed-2-0-pro-260215 already exists with correct workspace
2026-04-08 04:11:28,587 - INFO - Removed 1 old OpenClaw session transcripts for bench-judge-qwen3-vl-plus-for-doubao-seed-2-0-pro-260215
2026-04-08 04:11:38,954 - INFO - Found transcript via sessions.json: 8746ed2c-3e5b-42e0-873d-e328591b8064.jsonl (attempt 1)
2026-04-08 04:11:38,954 - INFO -    💾 Session backup saved: task_simplevqa_00_run_35bc8e64-1.jsonl (3 entries, status=error)
2026-04-08 04:11:38,954 - INFO - ❌ Task task_simplevqa_00: 0.0/1.0 (0%) - llm_judge
2026-04-08 04:11:38,954 - INFO -    Notes: No answer was written to answer.txt; the tool call failed due to empty response. The agent did not analyze the image or provide any answer, so correctness cannot be satisfied.
2026-04-08 04:11:38,954 - INFO - 
================================================================================
2026-04-08 04:11:38,954 - INFO - 📋 Task 163/208 (Run 1/1)
2026-04-08 04:11:38,954 - INFO - ================================================================================
2026-04-08 04:11:38,954 - INFO - 🤖 BaseModel [custom-api-shubiaobiao-cn/doubao-seed-2-0-pro-260215] starting task: task_simplevqa_01
2026-04-08 04:11:42,835 - INFO - HTTP Request: POST https://api.shubiaobiao.cn/v1/chat/completions "HTTP/1.1 403 Forbidden"
2026-04-08 04:11:47,150 - INFO - Agent bench-judge-qwen3-vl-plus-for-doubao-seed-2-0-pro-260215 already exists with correct workspace
2026-04-08 04:11:47,151 - INFO - Removed 1 old OpenClaw session transcripts for bench-judge-qwen3-vl-plus-for-doubao-seed-2-0-pro-260215
2026-04-08 04:11:53,121 - INFO - Found transcript via sessions.json: 4ce87bdb-30f0-4b63-a8ba-61e1493b4388.jsonl (attempt 1)
2026-04-08 04:11:53,122 - INFO -    💾 Session backup saved: task_simplevqa_01_run_35bc8e64-1.jsonl (3 entries, status=error)
2026-04-08 04:11:53,122 - INFO - ❌ Task task_simplevqa_01: 0.0/1.0 (0%) - llm_judge
2026-04-08 04:11:53,122 - INFO -    Notes: No answer was written to answer.txt; the tool call failed due to empty response. The task requires identifying the herb in the image as '黄柏', but no identification or output occurred.
2026-04-08 04:11:53,122 - INFO - 
================================================================================
2026-04-08 04:11:53,122 - INFO - 📋 Task 164/208 (Run 1/1)
2026-04-08 04:11:53,122 - INFO - ================================================================================
2026-04-08 04:11:53,122 - INFO - 🤖 BaseModel [custom-api-shubiaobiao-cn/doubao-seed-2-0-pro-260215] starting task: task_simplevqa_02
2026-04-08 04:12:02,689 - INFO - HTTP Request: POST https://api.shubiaobiao.cn/v1/chat/completions "HTTP/1.1 403 Forbidden"
2026-04-08 04:12:06,684 - INFO - Agent bench-judge-qwen3-vl-plus-for-doubao-seed-2-0-pro-260215 already exists with correct workspace
2026-04-08 04:12:06,685 - INFO - Removed 1 old OpenClaw session transcripts for bench-judge-qwen3-vl-plus-for-doubao-seed-2-0-pro-260215
2026-04-08 04:12:11,941 - INFO - Found transcript via sessions.json: f136b310-f188-42df-9ebe-556ad0de1161.jsonl (attempt 1)
2026-04-08 04:12:11,942 - INFO -    💾 Session backup saved: task_simplevqa_02_run_35bc8e64-1.jsonl (3 entries, status=error)
2026-04-08 04:12:11,942 - INFO - ❌ Task task_simplevqa_02: 0.0/1.0 (0%) - llm_judge
2026-04-08 04:12:11,942 - INFO -    Notes: No answer was written to answer.txt; the tool call failed due to empty response. The agent did not analyze the image or provide any answer.
2026-04-08 04:12:11,942 - INFO - 
================================================================================
2026-04-08 04:12:11,942 - INFO - 📋 Task 165/208 (Run 1/1)
2026-04-08 04:12:11,942 - INFO - ================================================================================
2026-04-08 04:12:11,942 - INFO - 🤖 BaseModel [custom-api-shubiaobiao-cn/doubao-seed-2-0-pro-260215] starting task: task_simplevqa_03
2026-04-08 04:12:25,203 - INFO - HTTP Request: POST https://api.shubiaobiao.cn/v1/chat/completions "HTTP/1.1 403 Forbidden"
2026-04-08 04:12:29,352 - INFO - Agent bench-judge-qwen3-vl-plus-for-doubao-seed-2-0-pro-260215 already exists with correct workspace
2026-04-08 04:12:29,352 - INFO - Removed 1 old OpenClaw session transcripts for bench-judge-qwen3-vl-plus-for-doubao-seed-2-0-pro-260215
2026-04-08 04:12:35,269 - INFO - Found transcript via sessions.json: 14c5ec4c-ec2a-4a38-a746-7ebe52e68ee4.jsonl (attempt 1)
2026-04-08 04:12:35,270 - INFO -    💾 Session backup saved: task_simplevqa_03_run_35bc8e64-1.jsonl (3 entries, status=error)
2026-04-08 04:12:35,270 - INFO - ❌ Task task_simplevqa_03: 0.0/1.0 (0%) - llm_judge
2026-04-08 04:12:35,270 - INFO -    Notes: No answer was written to answer.txt; the write operation failed due to empty response. The task requires identifying the person in the image as '仓颉', but no identification was performed or recorded.
2026-04-08 04:12:35,270 - INFO - 
================================================================================
2026-04-08 04:12:35,270 - INFO - 📋 Task 166/208 (Run 1/1)
2026-04-08 04:12:35,270 - INFO - ================================================================================
2026-04-08 04:12:35,270 - INFO - 🤖 BaseModel [custom-api-shubiaobiao-cn/doubao-seed-2-0-pro-260215] starting task: task_simplevqa_04
2026-04-08 04:12:44,035 - INFO - HTTP Request: POST https://api.shubiaobiao.cn/v1/chat/completions "HTTP/1.1 403 Forbidden"
2026-04-08 04:12:49,388 - INFO - Agent bench-judge-qwen3-vl-plus-for-doubao-seed-2-0-pro-260215 already exists with correct workspace
2026-04-08 04:12:49,388 - INFO - Removed 1 old OpenClaw session transcripts for bench-judge-qwen3-vl-plus-for-doubao-seed-2-0-pro-260215
2026-04-08 04:12:55,001 - INFO - Found transcript via sessions.json: f2cb170c-5e1f-439e-8140-86b1e322b1b2.jsonl (attempt 1)
2026-04-08 04:12:55,002 - INFO -    💾 Session backup saved: task_simplevqa_04_run_35bc8e64-1.jsonl (3 entries, status=error)
2026-04-08 04:12:55,002 - INFO - ❌ Task task_simplevqa_04: 0.0/1.0 (0%) - llm_judge
2026-04-08 04:12:55,002 - INFO -    Notes: No answer was written to answer.txt; the tool call failed due to empty response. The task requires identifying the person in the image as '陶侃', but no identification was performed or recorded.
2026-04-08 04:12:55,002 - INFO - 
================================================================================
2026-04-08 04:12:55,002 - INFO - 📋 Task 167/208 (Run 1/1)
2026-04-08 04:12:55,002 - INFO - ================================================================================
2026-04-08 04:12:55,002 - INFO - 🤖 BaseModel [custom-api-shubiaobiao-cn/doubao-seed-2-0-pro-260215] starting task: task_simplevqa_05
2026-04-08 04:12:59,299 - INFO - HTTP Request: POST https://api.shubiaobiao.cn/v1/chat/completions "HTTP/1.1 403 Forbidden"
2026-04-08 04:13:04,769 - INFO - Agent bench-judge-qwen3-vl-plus-for-doubao-seed-2-0-pro-260215 already exists with correct workspace
2026-04-08 04:13:04,769 - INFO - Removed 1 old OpenClaw session transcripts for bench-judge-qwen3-vl-plus-for-doubao-seed-2-0-pro-260215
2026-04-08 04:13:09,910 - INFO - Found transcript via sessions.json: 4efb2f54-bc5b-4041-b36b-9c260c87387d.jsonl (attempt 1)
2026-04-08 04:13:09,911 - INFO -    💾 Session backup saved: task_simplevqa_05_run_35bc8e64-1.jsonl (3 entries, status=error)
2026-04-08 04:13:09,911 - INFO - ❌ Task task_simplevqa_05: 0.0/1.0 (0%) - llm_judge
2026-04-08 04:13:09,911 - INFO -    Notes: No answer was written to answer.txt; the write operation failed due to empty response. The agent did not analyze the image or produce any answer.
2026-04-08 04:13:09,911 - INFO - 
================================================================================
2026-04-08 04:13:09,911 - INFO - 📋 Task 168/208 (Run 1/1)
2026-04-08 04:13:09,911 - INFO - ================================================================================
2026-04-08 04:13:09,911 - INFO - 🤖 BaseModel [custom-api-shubiaobiao-cn/doubao-seed-2-0-pro-260215] starting task: task_simplevqa_06
2026-04-08 04:13:30,964 - INFO - HTTP Request: POST https://api.shubiaobiao.cn/v1/chat/completions "HTTP/1.1 403 Forbidden"
2026-04-08 04:13:40,460 - INFO - Agent bench-judge-qwen3-vl-plus-for-doubao-seed-2-0-pro-260215 already exists with correct workspace
2026-04-08 04:13:40,461 - INFO - Removed 1 old OpenClaw session transcripts for bench-judge-qwen3-vl-plus-for-doubao-seed-2-0-pro-260215
2026-04-08 04:13:46,470 - INFO - Found transcript via sessions.json: e84f0c58-a7ed-4696-bfea-709b00b30b60.jsonl (attempt 1)
2026-04-08 04:13:46,470 - INFO -    💾 Session backup saved: task_simplevqa_06_run_35bc8e64-1.jsonl (3 entries, status=error)
2026-04-08 04:13:46,470 - INFO - ❌ Task task_simplevqa_06: 0.0/1.0 (0%) - llm_judge
2026-04-08 04:13:46,470 - INFO -    Notes: No answer was written to answer.txt; the tool call failed due to empty response. The agent did not analyze the image or produce any answer.
2026-04-08 04:13:46,470 - INFO - 
================================================================================
2026-04-08 04:13:46,470 - INFO - 📋 Task 169/208 (Run 1/1)
2026-04-08 04:13:46,471 - INFO - ================================================================================
2026-04-08 04:13:46,471 - INFO - 🤖 BaseModel [custom-api-shubiaobiao-cn/doubao-seed-2-0-pro-260215] starting task: task_simplevqa_07
2026-04-08 04:13:56,220 - INFO - HTTP Request: POST https://api.shubiaobiao.cn/v1/chat/completions "HTTP/1.1 403 Forbidden"
2026-04-08 04:14:03,190 - INFO - Agent bench-judge-qwen3-vl-plus-for-doubao-seed-2-0-pro-260215 already exists with correct workspace
2026-04-08 04:14:03,191 - INFO - Removed 1 old OpenClaw session transcripts for bench-judge-qwen3-vl-plus-for-doubao-seed-2-0-pro-260215
2026-04-08 04:14:08,461 - INFO - Found transcript via sessions.json: 6bd112df-33c3-48ee-9255-cdba4483782e.jsonl (attempt 1)
2026-04-08 04:14:08,461 - INFO -    💾 Session backup saved: task_simplevqa_07_run_35bc8e64-1.jsonl (3 entries, status=error)
2026-04-08 04:14:08,462 - INFO - ❌ Task task_simplevqa_07: 0.0/1.0 (0%) - llm_judge
2026-04-08 04:14:08,462 - INFO -    Notes: No answer was written to answer.txt; the tool call failed due to empty response. The agent did not analyze the image or provide any answer, so correctness cannot be satisfied.
2026-04-08 04:14:08,462 - INFO - 
================================================================================
2026-04-08 04:14:08,462 - INFO - 📋 Task 170/208 (Run 1/1)
2026-04-08 04:14:08,462 - INFO - ================================================================================
2026-04-08 04:14:08,462 - INFO - 🤖 BaseModel [custom-api-shubiaobiao-cn/doubao-seed-2-0-pro-260215] starting task: task_simplevqa_08
2026-04-08 04:14:13,294 - INFO - HTTP Request: POST https://api.shubiaobiao.cn/v1/chat/completions "HTTP/1.1 403 Forbidden"
2026-04-08 04:14:20,821 - INFO - Agent bench-judge-qwen3-vl-plus-for-doubao-seed-2-0-pro-260215 already exists with correct workspace
2026-04-08 04:14:20,821 - INFO - Removed 1 old OpenClaw session transcripts for bench-judge-qwen3-vl-plus-for-doubao-seed-2-0-pro-260215
2026-04-08 04:14:27,563 - INFO - Found transcript via sessions.json: 96e53ca6-ff46-49a8-8b73-f3a3f3ae0ed3.jsonl (attempt 1)
2026-04-08 04:14:27,564 - INFO -    💾 Session backup saved: task_simplevqa_08_run_35bc8e64-1.jsonl (3 entries, status=error)
2026-04-08 04:14:27,564 - INFO - ❌ Task task_simplevqa_08: 0.0/1.0 (0%) - llm_judge
2026-04-08 04:14:27,564 - INFO -    Notes: No answer was written to answer.txt; the tool call failed due to empty response. The task was not completed.
2026-04-08 04:14:27,564 - INFO - 
================================================================================
2026-04-08 04:14:27,564 - INFO - 📋 Task 171/208 (Run 1/1)
2026-04-08 04:14:27,564 - INFO - ================================================================================
2026-04-08 04:14:27,564 - INFO - 🤖 BaseModel [custom-api-shubiaobiao-cn/doubao-seed-2-0-pro-260215] starting task: task_simplevqa_09
2026-04-08 04:14:33,567 - INFO - HTTP Request: POST https://api.shubiaobiao.cn/v1/chat/completions "HTTP/1.1 403 Forbidden"
2026-04-08 04:14:37,796 - INFO - Agent bench-judge-qwen3-vl-plus-for-doubao-seed-2-0-pro-260215 already exists with correct workspace
2026-04-08 04:14:37,797 - INFO - Removed 1 old OpenClaw session transcripts for bench-judge-qwen3-vl-plus-for-doubao-seed-2-0-pro-260215
2026-04-08 04:14:49,255 - INFO - Found transcript via sessions.json: 9ce29da7-a46c-4342-81ef-968e84b42ed0.jsonl (attempt 1)
2026-04-08 04:14:49,256 - INFO -    💾 Session backup saved: task_simplevqa_09_run_35bc8e64-1.jsonl (3 entries, status=error)
2026-04-08 04:14:49,256 - INFO - ❌ Task task_simplevqa_09: 0.0/1.0 (0%) - llm_judge
2026-04-08 04:14:49,256 - INFO -    Notes: No answer was written to answer.txt; the write operation failed due to empty response. The agent did not analyze the image or produce any answer.
2026-04-08 04:14:49,256 - INFO - 
================================================================================
2026-04-08 04:14:49,256 - INFO - 📋 Task 172/208 (Run 1/1)
2026-04-08 04:14:49,256 - INFO - ================================================================================
2026-04-08 04:14:49,256 - INFO - 🤖 BaseModel [custom-api-shubiaobiao-cn/doubao-seed-2-0-pro-260215] starting task: task_tablebench_00
2026-04-08 04:14:56,537 - INFO - HTTP Request: POST https://api.shubiaobiao.cn/v1/chat/completions "HTTP/1.1 403 Forbidden"
2026-04-08 04:14:56,540 - INFO -    💾 Session backup saved: task_tablebench_00_run_35bc8e64-1.jsonl (3 entries, status=error)
2026-04-08 04:14:56,540 - INFO - ❌ Task task_tablebench_00: 0.0/1.0 (0%) - automated
2026-04-08 04:14:56,540 - INFO - 
================================================================================
2026-04-08 04:14:56,540 - INFO - 📋 Task 173/208 (Run 1/1)
2026-04-08 04:14:56,540 - INFO - ================================================================================
2026-04-08 04:14:56,540 - INFO - 🤖 BaseModel [custom-api-shubiaobiao-cn/doubao-seed-2-0-pro-260215] starting task: task_tablebench_01
2026-04-08 04:15:04,304 - INFO - HTTP Request: POST https://api.shubiaobiao.cn/v1/chat/completions "HTTP/1.1 403 Forbidden"
2026-04-08 04:15:04,308 - INFO -    💾 Session backup saved: task_tablebench_01_run_35bc8e64-1.jsonl (3 entries, status=error)
2026-04-08 04:15:04,308 - INFO - ❌ Task task_tablebench_01: 0.0/1.0 (0%) - automated
2026-04-08 04:15:04,309 - INFO - 
================================================================================
2026-04-08 04:15:04,309 - INFO - 📋 Task 174/208 (Run 1/1)
2026-04-08 04:15:04,309 - INFO - ================================================================================
2026-04-08 04:15:04,309 - INFO - 🤖 BaseModel [custom-api-shubiaobiao-cn/doubao-seed-2-0-pro-260215] starting task: task_tablebench_02
2026-04-08 04:15:07,632 - INFO - HTTP Request: POST https://api.shubiaobiao.cn/v1/chat/completions "HTTP/1.1 403 Forbidden"
2026-04-08 04:15:07,635 - INFO -    💾 Session backup saved: task_tablebench_02_run_35bc8e64-1.jsonl (3 entries, status=error)
2026-04-08 04:15:07,635 - INFO - ❌ Task task_tablebench_02: 0.0/1.0 (0%) - automated
2026-04-08 04:15:07,635 - INFO - 
================================================================================
2026-04-08 04:15:07,635 - INFO - 📋 Task 175/208 (Run 1/1)
2026-04-08 04:15:07,635 - INFO - ================================================================================
2026-04-08 04:15:07,635 - INFO - 🤖 BaseModel [custom-api-shubiaobiao-cn/doubao-seed-2-0-pro-260215] starting task: task_tablebench_03
2026-04-08 04:15:10,597 - INFO - HTTP Request: POST https://api.shubiaobiao.cn/v1/chat/completions "HTTP/1.1 403 Forbidden"
2026-04-08 04:15:10,602 - INFO -    💾 Session backup saved: task_tablebench_03_run_35bc8e64-1.jsonl (3 entries, status=error)
2026-04-08 04:15:10,602 - INFO - ❌ Task task_tablebench_03: 0.0/1.0 (0%) - automated
2026-04-08 04:15:10,602 - INFO - 
================================================================================
2026-04-08 04:15:10,602 - INFO - 📋 Task 176/208 (Run 1/1)
2026-04-08 04:15:10,602 - INFO - ================================================================================
2026-04-08 04:15:10,602 - INFO - 🤖 BaseModel [custom-api-shubiaobiao-cn/doubao-seed-2-0-pro-260215] starting task: task_tablebench_04
2026-04-08 04:15:13,796 - INFO - HTTP Request: POST https://api.shubiaobiao.cn/v1/chat/completions "HTTP/1.1 403 Forbidden"
2026-04-08 04:15:13,799 - INFO -    💾 Session backup saved: task_tablebench_04_run_35bc8e64-1.jsonl (3 entries, status=error)
2026-04-08 04:15:13,799 - INFO - ❌ Task task_tablebench_04: 0.0/1.0 (0%) - automated
2026-04-08 04:15:13,799 - INFO - 
================================================================================
2026-04-08 04:15:13,799 - INFO - 📋 Task 177/208 (Run 1/1)
2026-04-08 04:15:13,799 - INFO - ================================================================================
2026-04-08 04:15:13,799 - INFO - 🤖 BaseModel [custom-api-shubiaobiao-cn/doubao-seed-2-0-pro-260215] starting task: task_tablebench_05
2026-04-08 04:15:16,682 - INFO - HTTP Request: POST https://api.shubiaobiao.cn/v1/chat/completions "HTTP/1.1 403 Forbidden"
2026-04-08 04:15:16,686 - INFO -    💾 Session backup saved: task_tablebench_05_run_35bc8e64-1.jsonl (3 entries, status=error)
2026-04-08 04:15:16,686 - INFO - ❌ Task task_tablebench_05: 0.0/1.0 (0%) - automated
2026-04-08 04:15:16,686 - INFO - 
================================================================================
2026-04-08 04:15:16,686 - INFO - 📋 Task 178/208 (Run 1/1)
2026-04-08 04:15:16,686 - INFO - ================================================================================
2026-04-08 04:15:16,686 - INFO - 🤖 BaseModel [custom-api-shubiaobiao-cn/doubao-seed-2-0-pro-260215] starting task: task_tablebench_06
2026-04-08 04:15:19,413 - INFO - HTTP Request: POST https://api.shubiaobiao.cn/v1/chat/completions "HTTP/1.1 403 Forbidden"
2026-04-08 04:15:19,416 - INFO -    💾 Session backup saved: task_tablebench_06_run_35bc8e64-1.jsonl (3 entries, status=error)
2026-04-08 04:15:19,416 - INFO - ❌ Task task_tablebench_06: 0.0/1.0 (0%) - automated
2026-04-08 04:15:19,416 - INFO - 
================================================================================
2026-04-08 04:15:19,416 - INFO - 📋 Task 179/208 (Run 1/1)
2026-04-08 04:15:19,416 - INFO - ================================================================================
2026-04-08 04:15:19,416 - INFO - 🤖 BaseModel [custom-api-shubiaobiao-cn/doubao-seed-2-0-pro-260215] starting task: task_tablebench_07
2026-04-08 04:15:22,082 - INFO - HTTP Request: POST https://api.shubiaobiao.cn/v1/chat/completions "HTTP/1.1 403 Forbidden"
2026-04-08 04:15:22,085 - INFO -    💾 Session backup saved: task_tablebench_07_run_35bc8e64-1.jsonl (3 entries, status=error)
2026-04-08 04:15:22,085 - INFO - ❌ Task task_tablebench_07: 0.0/1.0 (0%) - automated
2026-04-08 04:15:22,085 - INFO - 
================================================================================
2026-04-08 04:15:22,085 - INFO - 📋 Task 180/208 (Run 1/1)
2026-04-08 04:15:22,085 - INFO - ================================================================================
2026-04-08 04:15:22,085 - INFO - 🤖 BaseModel [custom-api-shubiaobiao-cn/doubao-seed-2-0-pro-260215] starting task: task_tablebench_08
2026-04-08 04:15:25,064 - INFO - HTTP Request: POST https://api.shubiaobiao.cn/v1/chat/completions "HTTP/1.1 403 Forbidden"
2026-04-08 04:15:25,066 - INFO -    💾 Session backup saved: task_tablebench_08_run_35bc8e64-1.jsonl (3 entries, status=error)
2026-04-08 04:15:25,067 - INFO - ❌ Task task_tablebench_08: 0.0/1.0 (0%) - automated
2026-04-08 04:15:25,067 - INFO - 
================================================================================
2026-04-08 04:15:25,067 - INFO - 📋 Task 181/208 (Run 1/1)
2026-04-08 04:15:25,067 - INFO - ================================================================================
2026-04-08 04:15:25,067 - INFO - 🤖 BaseModel [custom-api-shubiaobiao-cn/doubao-seed-2-0-pro-260215] starting task: task_tablebench_09
2026-04-08 04:15:28,028 - INFO - HTTP Request: POST https://api.shubiaobiao.cn/v1/chat/completions "HTTP/1.1 403 Forbidden"
2026-04-08 04:15:28,031 - INFO -    💾 Session backup saved: task_tablebench_09_run_35bc8e64-1.jsonl (3 entries, status=error)
2026-04-08 04:15:28,031 - INFO - ❌ Task task_tablebench_09: 0.0/1.0 (0%) - automated
2026-04-08 04:15:28,031 - INFO - 
================================================================================
2026-04-08 04:15:28,031 - INFO - 📋 Task 182/208 (Run 1/1)
2026-04-08 04:15:28,032 - INFO - ================================================================================
2026-04-08 04:15:28,032 - INFO - 🤖 BaseModel [custom-api-shubiaobiao-cn/doubao-seed-2-0-pro-260215] starting task: task_tablebench_10
2026-04-08 04:15:30,948 - INFO - HTTP Request: POST https://api.shubiaobiao.cn/v1/chat/completions "HTTP/1.1 403 Forbidden"
2026-04-08 04:15:35,004 - INFO - Agent bench-judge-qwen3-vl-plus-for-doubao-seed-2-0-pro-260215 already exists with correct workspace
2026-04-08 04:15:35,004 - INFO - Removed 1 old OpenClaw session transcripts for bench-judge-qwen3-vl-plus-for-doubao-seed-2-0-pro-260215
2026-04-08 04:15:46,845 - INFO - Found transcript via sessions.json: 66779d87-1009-4c08-ad3e-44385ada0188.jsonl (attempt 1)
2026-04-08 04:15:46,846 - INFO -    💾 Session backup saved: task_tablebench_10_run_35bc8e64-1.jsonl (3 entries, status=error)
2026-04-08 04:15:46,846 - INFO - ❌ Task task_tablebench_10: 0.0/1.0 (0%) - llm_judge
2026-04-08 04:15:46,846 - INFO -    Notes: The agent did not produce any answer — it returned NO_REPLY and failed to write to answer.txt. The required output format (Final Answer: ...) was not generated, so correctness is 0.0.
2026-04-08 04:15:46,846 - INFO - 
================================================================================
2026-04-08 04:15:46,846 - INFO - 📋 Task 183/208 (Run 1/1)
2026-04-08 04:15:46,846 - INFO - ================================================================================
2026-04-08 04:15:46,846 - INFO - 🤖 BaseModel [custom-api-shubiaobiao-cn/doubao-seed-2-0-pro-260215] starting task: task_tablebench_11
2026-04-08 04:15:49,559 - INFO - HTTP Request: POST https://api.shubiaobiao.cn/v1/chat/completions "HTTP/1.1 403 Forbidden"
2026-04-08 04:16:01,439 - INFO - Agent bench-judge-qwen3-vl-plus-for-doubao-seed-2-0-pro-260215 already exists with correct workspace
2026-04-08 04:16:01,440 - INFO - Removed 1 old OpenClaw session transcripts for bench-judge-qwen3-vl-plus-for-doubao-seed-2-0-pro-260215
2026-04-08 04:16:18,469 - INFO - Found transcript via sessions.json: 80712f0e-4707-40b1-9467-83c76fbd4a50.jsonl (attempt 1)
2026-04-08 04:16:18,469 - INFO -    💾 Session backup saved: task_tablebench_11_run_35bc8e64-1.jsonl (3 entries, status=error)
2026-04-08 04:16:18,469 - INFO - ❌ Task task_tablebench_11: 0.0/1.0 (0%) - llm_judge
2026-04-08 04:16:18,469 - INFO -    Notes: The model answered 'No' with reasoning that there is no consistent causal relationship, while the reference answer states 'Yes' with a correlation coefficient of 0.48 indicating weak positive influenc
2026-04-08 04:16:18,469 - INFO - 
================================================================================
2026-04-08 04:16:18,469 - INFO - 📋 Task 184/208 (Run 1/1)
2026-04-08 04:16:18,469 - INFO - ================================================================================
2026-04-08 04:16:18,469 - INFO - 🤖 BaseModel [custom-api-shubiaobiao-cn/doubao-seed-2-0-pro-260215] starting task: task_tablebench_12
2026-04-08 04:16:25,640 - INFO - HTTP Request: POST https://api.shubiaobiao.cn/v1/chat/completions "HTTP/1.1 403 Forbidden"
2026-04-08 04:16:25,643 - INFO -    💾 Session backup saved: task_tablebench_12_run_35bc8e64-1.jsonl (3 entries, status=error)
2026-04-08 04:16:25,643 - INFO - ❌ Task task_tablebench_12: 0.0/1.0 (0%) - automated
2026-04-08 04:16:25,643 - INFO - 
================================================================================
2026-04-08 04:16:25,643 - INFO - 📋 Task 185/208 (Run 1/1)
2026-04-08 04:16:25,643 - INFO - ================================================================================
2026-04-08 04:16:25,643 - INFO - 🤖 BaseModel [custom-api-shubiaobiao-cn/doubao-seed-2-0-pro-260215] starting task: task_tablebench_13
2026-04-08 04:16:28,632 - INFO - HTTP Request: POST https://api.shubiaobiao.cn/v1/chat/completions "HTTP/1.1 403 Forbidden"
2026-04-08 04:16:32,895 - INFO - Agent bench-judge-qwen3-vl-plus-for-doubao-seed-2-0-pro-260215 already exists with correct workspace
2026-04-08 04:16:32,896 - INFO - Removed 1 old OpenClaw session transcripts for bench-judge-qwen3-vl-plus-for-doubao-seed-2-0-pro-260215
2026-04-08 04:16:48,423 - INFO - Found transcript via sessions.json: 16021c19-0f12-4321-b168-286ea1f6bf87.jsonl (attempt 1)
2026-04-08 04:16:48,424 - INFO -    💾 Session backup saved: task_tablebench_13_run_35bc8e64-1.jsonl (3 entries, status=error)
2026-04-08 04:16:48,424 - INFO - ❌ Task task_tablebench_13: 0.0/1.0 (0%) - llm_judge
2026-04-08 04:16:48,424 - INFO -    Notes: The agent did not produce any answer content — it returned NO_REPLY and failed to write to answer.txt. The required output (a JSON-compatible answer with 'Final Answer: ...') was entirely missing, vio
2026-04-08 04:16:48,424 - INFO - 
================================================================================
2026-04-08 04:16:48,424 - INFO - 📋 Task 186/208 (Run 1/1)
2026-04-08 04:16:48,424 - INFO - ================================================================================
2026-04-08 04:16:48,424 - INFO - 🤖 BaseModel [custom-api-shubiaobiao-cn/doubao-seed-2-0-pro-260215] starting task: task_tablebench_14
2026-04-08 04:16:51,102 - INFO - HTTP Request: POST https://api.shubiaobiao.cn/v1/chat/completions "HTTP/1.1 403 Forbidden"
2026-04-08 04:16:51,104 - INFO -    💾 Session backup saved: task_tablebench_14_run_35bc8e64-1.jsonl (3 entries, status=error)
2026-04-08 04:16:51,104 - INFO - ❌ Task task_tablebench_14: 0.0/1.0 (0%) - automated
2026-04-08 04:16:51,105 - INFO - 
================================================================================
2026-04-08 04:16:51,105 - INFO - 📋 Task 187/208 (Run 1/1)
2026-04-08 04:16:51,105 - INFO - ================================================================================
2026-04-08 04:16:51,105 - INFO - 🤖 BaseModel [custom-api-shubiaobiao-cn/doubao-seed-2-0-pro-260215] starting task: task_tablebench_15
2026-04-08 04:16:54,385 - INFO - HTTP Request: POST https://api.shubiaobiao.cn/v1/chat/completions "HTTP/1.1 403 Forbidden"
2026-04-08 04:16:54,388 - INFO -    💾 Session backup saved: task_tablebench_15_run_35bc8e64-1.jsonl (3 entries, status=error)
2026-04-08 04:16:54,388 - INFO - ❌ Task task_tablebench_15: 0.0/1.0 (0%) - automated
2026-04-08 04:16:54,388 - INFO - 
================================================================================
2026-04-08 04:16:54,388 - INFO - 📋 Task 188/208 (Run 1/1)
2026-04-08 04:16:54,388 - INFO - ================================================================================
2026-04-08 04:16:54,388 - INFO - 🤖 BaseModel [custom-api-shubiaobiao-cn/doubao-seed-2-0-pro-260215] starting task: task_tablebench_16
2026-04-08 04:16:57,596 - INFO - HTTP Request: POST https://api.shubiaobiao.cn/v1/chat/completions "HTTP/1.1 403 Forbidden"
2026-04-08 04:16:57,599 - INFO -    💾 Session backup saved: task_tablebench_16_run_35bc8e64-1.jsonl (3 entries, status=error)
2026-04-08 04:16:57,599 - INFO - ❌ Task task_tablebench_16: 0.0/1.0 (0%) - automated
2026-04-08 04:16:57,599 - INFO - 
================================================================================
2026-04-08 04:16:57,599 - INFO - 📋 Task 189/208 (Run 1/1)
2026-04-08 04:16:57,599 - INFO - ================================================================================
2026-04-08 04:16:57,599 - INFO - 🤖 BaseModel [custom-api-shubiaobiao-cn/doubao-seed-2-0-pro-260215] starting task: task_terminalbench2_00
2026-04-08 04:17:04,750 - INFO - HTTP Request: POST https://api.shubiaobiao.cn/v1/chat/completions "HTTP/1.1 403 Forbidden"
2026-04-08 04:17:04,751 - INFO -    💾 Session backup saved: task_terminalbench2_00_run_35bc8e64-1.jsonl (3 entries, status=error)
2026-04-08 04:17:04,751 - INFO - ❌ Task task_terminalbench2_00: 0.0/1.0 (0%) - automated
2026-04-08 04:17:04,752 - INFO - 
================================================================================
2026-04-08 04:17:04,752 - INFO - 📋 Task 190/208 (Run 1/1)
2026-04-08 04:17:04,752 - INFO - ================================================================================
2026-04-08 04:17:04,752 - INFO - 🤖 BaseModel [custom-api-shubiaobiao-cn/doubao-seed-2-0-pro-260215] starting task: task_terminalbench2_01
2026-04-08 04:17:12,570 - INFO - HTTP Request: POST https://api.shubiaobiao.cn/v1/chat/completions "HTTP/1.1 403 Forbidden"
2026-04-08 04:17:12,571 - INFO -    💾 Session backup saved: task_terminalbench2_01_run_35bc8e64-1.jsonl (3 entries, status=error)
2026-04-08 04:17:12,571 - INFO - ❌ Task task_terminalbench2_01: 0.0/1.0 (0%) - automated
2026-04-08 04:17:12,571 - INFO - 
================================================================================
2026-04-08 04:17:12,572 - INFO - 📋 Task 191/208 (Run 1/1)
2026-04-08 04:17:12,572 - INFO - ================================================================================
2026-04-08 04:17:12,572 - INFO - 🤖 BaseModel [custom-api-shubiaobiao-cn/doubao-seed-2-0-pro-260215] starting task: task_terminalbench2_02
2026-04-08 04:17:15,423 - INFO - HTTP Request: POST https://api.shubiaobiao.cn/v1/chat/completions "HTTP/1.1 403 Forbidden"
2026-04-08 04:17:15,424 - INFO -    💾 Session backup saved: task_terminalbench2_02_run_35bc8e64-1.jsonl (3 entries, status=error)
2026-04-08 04:17:15,424 - INFO - ❌ Task task_terminalbench2_02: 0.0/1.0 (0%) - automated
2026-04-08 04:17:15,424 - INFO - 
================================================================================
2026-04-08 04:17:15,424 - INFO - 📋 Task 192/208 (Run 1/1)
2026-04-08 04:17:15,424 - INFO - ================================================================================
2026-04-08 04:17:15,424 - INFO - 🤖 BaseModel [custom-api-shubiaobiao-cn/doubao-seed-2-0-pro-260215] starting task: task_terminalbench2_03
2026-04-08 04:17:18,884 - INFO - HTTP Request: POST https://api.shubiaobiao.cn/v1/chat/completions "HTTP/1.1 403 Forbidden"
2026-04-08 04:17:18,885 - INFO -    💾 Session backup saved: task_terminalbench2_03_run_35bc8e64-1.jsonl (3 entries, status=error)
2026-04-08 04:17:18,885 - INFO - ❌ Task task_terminalbench2_03: 0.0/1.0 (0%) - automated
2026-04-08 04:17:18,885 - INFO - 
================================================================================
2026-04-08 04:17:18,886 - INFO - 📋 Task 193/208 (Run 1/1)
2026-04-08 04:17:18,886 - INFO - ================================================================================
2026-04-08 04:17:18,886 - INFO - 🤖 BaseModel [custom-api-shubiaobiao-cn/doubao-seed-2-0-pro-260215] starting task: task_terminalbench2_04
2026-04-08 04:17:21,941 - INFO - HTTP Request: POST https://api.shubiaobiao.cn/v1/chat/completions "HTTP/1.1 403 Forbidden"
2026-04-08 04:17:21,942 - INFO -    💾 Session backup saved: task_terminalbench2_04_run_35bc8e64-1.jsonl (3 entries, status=error)
2026-04-08 04:17:21,942 - INFO - ❌ Task task_terminalbench2_04: 0.0/1.0 (0%) - automated
2026-04-08 04:17:21,942 - INFO - 
================================================================================
2026-04-08 04:17:21,942 - INFO - 📋 Task 194/208 (Run 1/1)
2026-04-08 04:17:21,942 - INFO - ================================================================================
2026-04-08 04:17:21,942 - INFO - 🤖 BaseModel [custom-api-shubiaobiao-cn/doubao-seed-2-0-pro-260215] starting task: task_terminalbench2_05
2026-04-08 04:17:25,189 - INFO - HTTP Request: POST https://api.shubiaobiao.cn/v1/chat/completions "HTTP/1.1 403 Forbidden"
2026-04-08 04:17:25,190 - INFO -    💾 Session backup saved: task_terminalbench2_05_run_35bc8e64-1.jsonl (3 entries, status=error)
2026-04-08 04:17:25,191 - INFO - ❌ Task task_terminalbench2_05: 0.0/1.0 (0%) - automated
2026-04-08 04:17:25,191 - INFO - 
================================================================================
2026-04-08 04:17:25,191 - INFO - 📋 Task 195/208 (Run 1/1)
2026-04-08 04:17:25,191 - INFO - ================================================================================
2026-04-08 04:17:25,191 - INFO - 🤖 BaseModel [custom-api-shubiaobiao-cn/doubao-seed-2-0-pro-260215] starting task: task_terminalbench2_06
2026-04-08 04:17:28,500 - INFO - HTTP Request: POST https://api.shubiaobiao.cn/v1/chat/completions "HTTP/1.1 403 Forbidden"
2026-04-08 04:17:28,501 - INFO -    💾 Session backup saved: task_terminalbench2_06_run_35bc8e64-1.jsonl (3 entries, status=error)
2026-04-08 04:17:28,501 - INFO - ❌ Task task_terminalbench2_06: 0.0/1.0 (0%) - automated
2026-04-08 04:17:28,501 - INFO - 
================================================================================
2026-04-08 04:17:28,501 - INFO - 📋 Task 196/208 (Run 1/1)
2026-04-08 04:17:28,501 - INFO - ================================================================================
2026-04-08 04:17:28,501 - INFO - 🤖 BaseModel [custom-api-shubiaobiao-cn/doubao-seed-2-0-pro-260215] starting task: task_terminalbench2_07
2026-04-08 04:17:31,218 - INFO - HTTP Request: POST https://api.shubiaobiao.cn/v1/chat/completions "HTTP/1.1 403 Forbidden"
2026-04-08 04:17:31,220 - INFO -    💾 Session backup saved: task_terminalbench2_07_run_35bc8e64-1.jsonl (3 entries, status=error)
2026-04-08 04:17:31,220 - INFO - ❌ Task task_terminalbench2_07: 0.0/1.0 (0%) - automated
2026-04-08 04:17:31,220 - INFO - 
================================================================================
2026-04-08 04:17:31,220 - INFO - 📋 Task 197/208 (Run 1/1)
2026-04-08 04:17:31,220 - INFO - ================================================================================
2026-04-08 04:17:31,220 - INFO - 🤖 BaseModel [custom-api-shubiaobiao-cn/doubao-seed-2-0-pro-260215] starting task: task_terminalbench2_08
2026-04-08 04:17:34,025 - INFO - HTTP Request: POST https://api.shubiaobiao.cn/v1/chat/completions "HTTP/1.1 403 Forbidden"
2026-04-08 04:17:34,026 - INFO -    💾 Session backup saved: task_terminalbench2_08_run_35bc8e64-1.jsonl (3 entries, status=error)
2026-04-08 04:17:34,026 - INFO - ❌ Task task_terminalbench2_08: 0.0/1.0 (0%) - automated
2026-04-08 04:17:34,026 - INFO - 
================================================================================
2026-04-08 04:17:34,027 - INFO - 📋 Task 198/208 (Run 1/1)
2026-04-08 04:17:34,027 - INFO - ================================================================================
2026-04-08 04:17:34,027 - INFO - 🤖 BaseModel [custom-api-shubiaobiao-cn/doubao-seed-2-0-pro-260215] starting task: task_terminalbench2_09
2026-04-08 04:17:38,477 - INFO - HTTP Request: POST https://api.shubiaobiao.cn/v1/chat/completions "HTTP/1.1 403 Forbidden"
2026-04-08 04:17:38,478 - INFO -    💾 Session backup saved: task_terminalbench2_09_run_35bc8e64-1.jsonl (3 entries, status=error)
2026-04-08 04:17:38,478 - INFO - ❌ Task task_terminalbench2_09: 0.0/1.0 (0%) - automated
2026-04-08 04:17:38,478 - INFO - 
================================================================================
2026-04-08 04:17:38,478 - INFO - 📋 Task 199/208 (Run 1/1)
2026-04-08 04:17:38,478 - INFO - ================================================================================
2026-04-08 04:17:38,478 - INFO - 🤖 BaseModel [custom-api-shubiaobiao-cn/doubao-seed-2-0-pro-260215] starting task: task_widesearch_00
2026-04-08 04:17:41,537 - INFO - HTTP Request: POST https://api.shubiaobiao.cn/v1/chat/completions "HTTP/1.1 403 Forbidden"
2026-04-08 04:17:41,541 - INFO -    💾 Session backup saved: task_widesearch_00_run_35bc8e64-1.jsonl (3 entries, status=error)
2026-04-08 04:17:41,541 - INFO - ❌ Task task_widesearch_00: 0.0/1.0 (0%) - automated
2026-04-08 04:17:41,541 - INFO - 
================================================================================
2026-04-08 04:17:41,541 - INFO - 📋 Task 200/208 (Run 1/1)
2026-04-08 04:17:41,541 - INFO - ================================================================================
2026-04-08 04:17:41,541 - INFO - 🤖 BaseModel [custom-api-shubiaobiao-cn/doubao-seed-2-0-pro-260215] starting task: task_widesearch_01
2026-04-08 04:17:44,680 - INFO - HTTP Request: POST https://api.shubiaobiao.cn/v1/chat/completions "HTTP/1.1 403 Forbidden"
2026-04-08 04:17:44,683 - INFO -    💾 Session backup saved: task_widesearch_01_run_35bc8e64-1.jsonl (3 entries, status=error)
2026-04-08 04:17:44,683 - INFO - ❌ Task task_widesearch_01: 0.0/1.0 (0%) - automated
2026-04-08 04:17:44,683 - INFO - 
================================================================================
2026-04-08 04:17:44,683 - INFO - 📋 Task 201/208 (Run 1/1)
2026-04-08 04:17:44,683 - INFO - ================================================================================
2026-04-08 04:17:44,683 - INFO - 🤖 BaseModel [custom-api-shubiaobiao-cn/doubao-seed-2-0-pro-260215] starting task: task_widesearch_02
2026-04-08 04:17:47,797 - INFO - HTTP Request: POST https://api.shubiaobiao.cn/v1/chat/completions "HTTP/1.1 403 Forbidden"
2026-04-08 04:17:47,800 - INFO -    💾 Session backup saved: task_widesearch_02_run_35bc8e64-1.jsonl (3 entries, status=error)
2026-04-08 04:17:47,801 - INFO - ❌ Task task_widesearch_02: 0.0/1.0 (0%) - automated
2026-04-08 04:17:47,801 - INFO - 
================================================================================
2026-04-08 04:17:47,801 - INFO - 📋 Task 202/208 (Run 1/1)
2026-04-08 04:17:47,801 - INFO - ================================================================================
2026-04-08 04:17:47,801 - INFO - 🤖 BaseModel [custom-api-shubiaobiao-cn/doubao-seed-2-0-pro-260215] starting task: task_widesearch_03
2026-04-08 04:17:50,542 - INFO - HTTP Request: POST https://api.shubiaobiao.cn/v1/chat/completions "HTTP/1.1 403 Forbidden"
2026-04-08 04:17:50,545 - INFO -    💾 Session backup saved: task_widesearch_03_run_35bc8e64-1.jsonl (3 entries, status=error)
2026-04-08 04:17:50,546 - INFO - ❌ Task task_widesearch_03: 0.0/1.0 (0%) - automated
2026-04-08 04:17:50,546 - INFO - 
================================================================================
2026-04-08 04:17:50,546 - INFO - 📋 Task 203/208 (Run 1/1)
2026-04-08 04:17:50,546 - INFO - ================================================================================
2026-04-08 04:17:50,546 - INFO - 🤖 BaseModel [custom-api-shubiaobiao-cn/doubao-seed-2-0-pro-260215] starting task: task_widesearch_04
2026-04-08 04:17:57,208 - INFO - HTTP Request: POST https://api.shubiaobiao.cn/v1/chat/completions "HTTP/1.1 403 Forbidden"
2026-04-08 04:17:57,212 - INFO -    💾 Session backup saved: task_widesearch_04_run_35bc8e64-1.jsonl (3 entries, status=error)
2026-04-08 04:17:57,212 - INFO - ❌ Task task_widesearch_04: 0.0/1.0 (0%) - automated
2026-04-08 04:17:57,212 - INFO - 
================================================================================
2026-04-08 04:17:57,212 - INFO - 📋 Task 204/208 (Run 1/1)
2026-04-08 04:17:57,212 - INFO - ================================================================================
2026-04-08 04:17:57,212 - INFO - 🤖 BaseModel [custom-api-shubiaobiao-cn/doubao-seed-2-0-pro-260215] starting task: task_widesearch_05
2026-04-08 04:18:04,726 - INFO - HTTP Request: POST https://api.shubiaobiao.cn/v1/chat/completions "HTTP/1.1 403 Forbidden"
2026-04-08 04:18:04,729 - INFO -    💾 Session backup saved: task_widesearch_05_run_35bc8e64-1.jsonl (3 entries, status=error)
2026-04-08 04:18:04,729 - INFO - ❌ Task task_widesearch_05: 0.0/1.0 (0%) - automated
2026-04-08 04:18:04,729 - INFO - 
================================================================================
2026-04-08 04:18:04,729 - INFO - 📋 Task 205/208 (Run 1/1)
2026-04-08 04:18:04,729 - INFO - ================================================================================
2026-04-08 04:18:04,729 - INFO - 🤖 BaseModel [custom-api-shubiaobiao-cn/doubao-seed-2-0-pro-260215] starting task: task_widesearch_06
2026-04-08 04:18:07,575 - INFO - HTTP Request: POST https://api.shubiaobiao.cn/v1/chat/completions "HTTP/1.1 403 Forbidden"
2026-04-08 04:18:07,579 - INFO -    💾 Session backup saved: task_widesearch_06_run_35bc8e64-1.jsonl (3 entries, status=error)
2026-04-08 04:18:07,579 - INFO - ❌ Task task_widesearch_06: 0.0/1.0 (0%) - automated
2026-04-08 04:18:07,579 - INFO - 
================================================================================
2026-04-08 04:18:07,579 - INFO - 📋 Task 206/208 (Run 1/1)
2026-04-08 04:18:07,579 - INFO - ================================================================================
2026-04-08 04:18:07,579 - INFO - 🤖 BaseModel [custom-api-shubiaobiao-cn/doubao-seed-2-0-pro-260215] starting task: task_widesearch_07
2026-04-08 04:18:10,402 - INFO - HTTP Request: POST https://api.shubiaobiao.cn/v1/chat/completions "HTTP/1.1 403 Forbidden"
2026-04-08 04:18:10,405 - INFO -    💾 Session backup saved: task_widesearch_07_run_35bc8e64-1.jsonl (3 entries, status=error)
2026-04-08 04:18:10,405 - INFO - ❌ Task task_widesearch_07: 0.0/1.0 (0%) - automated
2026-04-08 04:18:10,405 - INFO - 
================================================================================
2026-04-08 04:18:10,405 - INFO - 📋 Task 207/208 (Run 1/1)
2026-04-08 04:18:10,405 - INFO - ================================================================================
2026-04-08 04:18:10,405 - INFO - 🤖 BaseModel [custom-api-shubiaobiao-cn/doubao-seed-2-0-pro-260215] starting task: task_widesearch_08
2026-04-08 04:18:22,047 - INFO - HTTP Request: POST https://api.shubiaobiao.cn/v1/chat/completions "HTTP/1.1 403 Forbidden"
2026-04-08 04:18:22,052 - INFO -    💾 Session backup saved: task_widesearch_08_run_35bc8e64-1.jsonl (3 entries, status=error)
2026-04-08 04:18:22,052 - INFO - ❌ Task task_widesearch_08: 0.0/1.0 (0%) - automated
2026-04-08 04:18:22,052 - INFO - 
================================================================================
2026-04-08 04:18:22,052 - INFO - 📋 Task 208/208 (Run 1/1)
2026-04-08 04:18:22,052 - INFO - ================================================================================
2026-04-08 04:18:22,052 - INFO - 🤖 BaseModel [custom-api-shubiaobiao-cn/doubao-seed-2-0-pro-260215] starting task: task_widesearch_09
2026-04-08 04:18:28,390 - INFO - HTTP Request: POST https://api.shubiaobiao.cn/v1/chat/completions "HTTP/1.1 403 Forbidden"
2026-04-08 04:18:28,393 - INFO -    💾 Session backup saved: task_widesearch_09_run_35bc8e64-1.jsonl (3 entries, status=error)
2026-04-08 04:18:28,393 - INFO - ❌ Task task_widesearch_09: 0.0/1.0 (0%) - automated
2026-04-08 04:18:28,398 - INFO - Saved results to /root/workspace/skill/logs/basemodel_parallel_20260408_030900/custom-api-shubiaobiao-cn_doubao-seed-2-0-pro-260215/results/35bc8e64_custom-api-shubiaobiao-cn-doubao-seed-2-0-pro-260215.json
2026-04-08 04:18:28,398 - INFO - 
================================================================================
2026-04-08 04:18:28,398 - INFO - 📊 TOKEN EFFICIENCY SUMMARY
2026-04-08 04:18:28,398 - INFO - ================================================================================
2026-04-08 04:18:28,398 - INFO -    Total tokens used: 0 (input: 0, output: 0)
2026-04-08 04:18:28,398 - INFO -    Total API requests: 0
2026-04-08 04:18:28,398 - INFO -    Avg tokens/task: 0
2026-04-08 04:18:28,398 - INFO -    Mean score: 0.1058
2026-04-08 04:18:28,398 - INFO - ================================================================================
2026-04-08 04:18:32,293 - INFO - Uploaded to leaderboard: rank #1819
2026-04-08 04:18:32,293 - INFO - View at: https://pinchbench.com/submission/c66d7bdd-5b09-4408-9751-b7738ce9eee4
[2026-04-08T04:18:32+00:00] exit_code=0
